week,away_team,home_team,winner,best_away_book,best_home_book,worst_away_book,away_gap,home_gap,opener_away_ml,closing_away_dec,ml_movement,opener_away_spread,closing_spread,spread_movement,opener_total_line,closing_total,total_movement
1,Dallas Cowboys,Philadelphia Eagles,Philadelphia Eagles,si,draftkings,draftkings,60.00000000000001,4.804804804804785,235,4.228571428571429,0.8785714285714286,7.0,7.928571428571429,0.9285714285714288,46.0,47.5,1.5
1,Kansas City Chiefs,Los Angeles Chargers,Los Angeles Chargers,draftkings,bet365,betway,77.85714285714288,84.39393939393942,-180,1.9117701626104988,0.35621460705494323,-3.0,-1.2142857142857142,1.7857142857142858,45.0,47.5,2.5
1,Carolina Panthers,Jacksonville Jaguars,Jacksonville Jaguars,fanduel,si,bet365,14.999999999999991,3.628117913832196,130,2.892857142857143,0.592857142857143,3.0,4.785714285714286,1.7857142857142856,46.0,45.214285714285715,-0.7857142857142847
1,Pittsburgh Steelers,New York Jets,Pittsburgh Steelers,draftkings,bet365,bet365,20.119760479041936,35.00000000000001,-160,1.659187143696926,0.0341871436969261,-3.0,-2.642857142857143,0.3571428571428572,38.5,38.285714285714285,-0.2142857142857153
1,Cincinnati Bengals,Cleveland Browns,Cincinnati Bengals,draftkings,si,si,18.0528691166989,55.00000000000003,-245,1.4773049371716158,0.06914167186549336,-5.5,-4.642857142857143,0.8571428571428568,46.5,47.42857142857143,0.9285714285714306
1,Miami Dolphins,Indianapolis Colts,Indianapolis Colts,fanduel,bet365,bet365,12.761904761904773,10.033444816053505,110,2.0160544217687075,-0.08394557823129256,2.0,1.2142857142857142,-0.7857142857142858,47.0,46.92857142857143,-0.0714285714285694
1,Arizona Cardinals,New Orleans Saints,Arizona Cardinals,draftkings,si,si,27.27272727272727,100.0,-260,1.44700061842919,0.06238523381380534,-6.0,-5.071428571428571,0.9285714285714288,42.5,44.42857142857143,1.9285714285714306
1,Tampa Bay Buccaneers,Atlanta Falcons,Tampa Bay Buccaneers,fanduel,bet365,betmgm,149.99999999999997,69.28571428571426,-125,2.263833992094862,0.46383399209486176,-1.5,0.8333333333333334,2.3333333333333335,48.5,47.5,-1.0
1,New York Giants,Washington Commanders,Washington Commanders,fanduel,draftkings,draftkings,94.99999999999997,15.873015873015884,230,3.285714285714286,-0.014285714285713791,6.5,5.785714285714286,-0.7142857142857144,45.5,45.42857142857143,-0.0714285714285694
1,Las Vegas Raiders,New England Patriots,Las Vegas Raiders,bet365,fanduel,fanduel,48.07692307692308,45.06493506493507,130,2.1126373626373627,-0.18736263736263714,3.0,1.0714285714285714,-1.9285714285714286,42.5,43.857142857142854,1.357142857142854
1,Tennessee Titans,Denver Broncos,Denver Broncos,bet365,fanduel,fanduel,95.00000000000001,7.777777777777772,300,4.421428571428572,0.4214285714285717,7.5,8.428571428571429,0.9285714285714288,41.5,42.42857142857143,0.9285714285714306
1,San Francisco 49ers,Seattle Seahawks,San Francisco 49ers,si,draftkings,draftkings,38.33333333333333,90.00000000000003,-140,1.6909326123611839,-0.02335310192453055,-2.5,-2.5,0.0,45.0,43.5,-1.5
1,Houston Texans,Los Angeles Rams,Los Angeles Rams,draftkings,si,bet365,45.000000000000014,16.161616161616156,120,2.492857142857143,0.2928571428571427,2.5,3.357142857142857,0.8571428571428572,44.5,43.0,-1.5
1,Detroit Lions,Green Bay Packers,Detroit Lions,draftkings,betway,betway,209.76190476190473,61.95652173913042,105,2.550340136054422,0.500340136054422,1.5,3.0,1.5,49.5,48.357142857142854,-1.142857142857146
1,Baltimore Ravens,Buffalo Bills,Buffalo Bills,draftkings,si,si,55.00000000000001,44.393939393939384,100,2.026190476190476,0.026190476190476097,1.0,0.0,-1.0,52.0,51.5,-0.5
1,Minnesota Vikings,Chicago Bears,Minnesota Vikings,fanduel,betway,betway,64.09090909090907,37.689065212001,-130,2.14517625231911,0.37594548308834064,-1.5,3.3333333333333335,4.833333333333334,43.0,43.42857142857143,0.4285714285714306
2,Washington Commanders,Green Bay Packers,Green Bay Packers,caesars,bet365,bet365,28.000000000000025,11.606076122205145,130,2.4642857142857144,0.1642857142857146,2.5,3.357142857142857,0.8571428571428572,48.5,48.07142857142857,-0.4285714285714306
2,Buffalo Bills,New York Jets,Buffalo Bills,si,draftkings,fanduel,33.86363636363639,980.0000000000001,-400,1.2470000371987484,-0.0029999628012515878,-8.5,-9.214285714285714,-0.7142857142857135,44.5,46.642857142857146,2.142857142857146
2,Chicago Bears,Detroit Lions,Detroit Lions,si,bet365,bet365,50.0,11.220196353436185,190,3.2399999999999998,0.33999999999999986,4.5,6.357142857142857,1.8571428571428568,48.5,45.92857142857143,-2.5714285714285694
2,Cleveland Browns,Baltimore Ravens,Baltimore Ravens,draftkings,bet365,bet365,775.0,11.111111111111116,525,8.857142857142858,2.6071428571428577,12.5,14.214285714285714,1.7142857142857135,44.5,44.92857142857143,0.4285714285714306
2,Jacksonville Jaguars,Cincinnati Bengals,Cincinnati Bengals,bet365,draftkings,draftkings,60.00000000000001,15.476190476190466,195,2.5814285714285714,-0.36857142857142877,5.5,3.5,-2.0,49.5,49.92857142857143,0.4285714285714306
2,New England Patriots,Miami Dolphins,New England Patriots,bet365,betway,fanduel,18.999999999999993,10.256410256410264,125,2.1228571428571428,-0.12714285714285722,2.5,2.5,0.0,45.5,42.714285714285715,-2.7857142857142847
2,New York Giants,Dallas Cowboys,Dallas Cowboys,betway,bet365,bet365,64.99999999999999,22.500000000000007,135,2.792857142857143,0.44285714285714306,3.0,4.928571428571429,1.9285714285714288,44.5,43.92857142857143,-0.5714285714285694
2,Los Angeles Rams,Tennessee Titans,Los Angeles Rams,bet365,fanduel,fanduel,12.254901960784315,54.999999999999986,-240,1.3794740818652282,-0.0371925848014385,-5.5,-5.785714285714286,-0.2857142857142856,45.5,40.785714285714285,-4.714285714285715
2,Seattle Seahawks,Pittsburgh Steelers,Seattle Seahawks,si,fanduel,fanduel,91.66666666666666,46.72057502246181,120,2.3932712215320913,0.1932712215320911,2.5,2.2142857142857144,-0.2857142857142856,40.5,41.785714285714285,1.2857142857142847
2,San Francisco 49ers,New Orleans Saints,San Francisco 49ers,fanduel,bet365,bet365,38.1558028616852,154.0,-340,1.5811887105301536,0.28707106347133005,-7.0,-2.7857142857142856,4.214285714285714,44.5,40.642857142857146,-3.857142857142854
2,Carolina Panthers,Arizona Cardinals,Arizona Cardinals,fanduel,bet365,bet365,340.00000000000006,34.92822966507178,180,4.2785714285714285,1.4785714285714286,4.5,8.785714285714286,4.2857142857142865,46.5,46.92857142857143,0.4285714285714306
2,Denver Broncos,Indianapolis Colts,Indianapolis Colts,si,fanduel,fanduel,36.82170542635661,63.99999999999997,-180,1.6857370020160718,0.13018144646051621,-3.5,-2.357142857142857,1.1428571428571428,44.5,45.214285714285715,0.7142857142857153
2,Philadelphia Eagles,Kansas City Chiefs,Philadelphia Eagles,fanduel,betmgm,betmgm,44.000000000000014,41.708860759493646,105,1.9485714285714286,-0.1014285714285712,1.5,-0.35714285714285715,-1.8571428571428572,45.5,45.642857142857146,0.1428571428571459
2,Atlanta Falcons,Minnesota Vikings,Atlanta Falcons,bet365,fanduel,fanduel,79.0,29.084967320261445,185,2.391428571428572,-0.4585714285714282,4.5,2.9285714285714284,-1.5714285714285716,42.5,45.07142857142857,2.5714285714285694
2,Tampa Bay Buccaneers,Houston Texans,Tampa Bay Buccaneers,fanduel,bet365,bet365,18.000000000000014,11.133603238866385,110,2.1957142857142857,0.09571428571428564,1.5,2.5,1.0,46.5,42.5,-4.0
2,Los Angeles Chargers,Las Vegas Raiders,Los Angeles Chargers,bet365,caesars,caesars,11.479591836734704,27.0,-160,1.5477149794416174,-0.0772850205583826,-3.0,-3.5,-0.5,44.5,46.5,2.0
3,Miami Dolphins,Buffalo Bills,Buffalo Bills,draftkings,bet365,bet365,1050.0,10.499999999999998,375,9.214285714285714,4.4642857142857135,10.0,13.5,3.5,47.5,52.357142857142854,4.857142857142854
3,Atlanta Falcons,Carolina Panthers,Carolina Panthers,bet365,si,si,4.444444444444451,25.0,-125,1.42030096895658,-0.37969903104342007,-1.5,-4.642857142857143,-3.1428571428571432,44.5,43.857142857142854,-0.6428571428571459
3,Cincinnati Bengals,Minnesota Vikings,Minnesota Vikings,draftkings,bet365,bet365,54.0,33.33333333333335,100,2.367142857142857,0.367142857142857,1.5,3.2142857142857144,1.7142857142857144,47.5,42.57142857142857,-4.928571428571431
3,Indianapolis Colts,Tennessee Titans,Indianapolis Colts,bet365,fanduel,fanduel,24.572649572649574,245.00000000000003,-125,1.3095908105413812,-0.4904091894586189,1.5,-7.642857142857143,-9.142857142857142,43.5,44.5,1.0
3,Green Bay Packers,Cleveland Browns,Cleveland Browns,bet365,si,draftkings,7.796257796257788,60.00000000000001,-370,1.22880156032239,-0.0414687099478801,-6.5,-7.785714285714286,-1.2857142857142856,43.0,40.57142857142857,-2.4285714285714306
3,Houston Texans,Jacksonville Jaguars,Jacksonville Jaguars,fanduel,draftkings,draftkings,27.04347826086955,18.46337105419891,100,2.0085093167701866,0.008509316770186626,1.5,1.5,0.0,42.5,42.714285714285715,0.2142857142857153
3,New York Jets,Tampa Bay Buccaneers,Tampa Bay Buccaneers,betway,fanduel,fanduel,75.0,9.696969696969692,210,3.4499999999999997,0.34999999999999964,5.5,6.357142857142857,0.8571428571428568,45.0,43.07142857142857,-1.9285714285714306
3,Pittsburgh Steelers,New England Patriots,Pittsburgh Steelers,bet365,fanduel,fanduel,30.776746458231543,42.76190476190476,-115,1.816123755191262,-0.05344146220004231,-1.0,-1.5,-0.5,44.5,44.357142857142854,-0.1428571428571459
3,Las Vegas Raiders,Washington Commanders,Washington Commanders,fanduel,bet365,bet365,89.99999999999999,32.18390804597699,240,2.4214285714285713,-0.9785714285714286,6.0,3.5,-2.5,47.5,45.57142857142857,-1.9285714285714306
3,Los Angeles Rams,Philadelphia Eagles,Philadelphia Eagles,draftkings,si,si,95.00000000000001,22.222222222222232,185,2.942857142857143,0.09285714285714297,4.0,4.642857142857143,0.6428571428571432,45.0,45.642857142857146,0.6428571428571459
3,Denver Broncos,Los Angeles Chargers,Los Angeles Chargers,draftkings,fanduel,fanduel,43.000000000000014,23.731587561374788,115,2.267142857142857,0.117142857142857,1.5,2.7142857142857144,1.2142857142857144,43.5,45.5,2.0
3,New Orleans Saints,Seattle Seahawks,Seattle Seahawks,bet365,fanduel,fanduel,69.99999999999997,5.303030303030298,250,3.8785714285714277,0.37857142857142767,6.0,6.928571428571429,0.9285714285714288,41.5,41.57142857142857,0.0714285714285694
3,Arizona Cardinals,San Francisco 49ers,San Francisco 49ers,caesars,fanduel,fanduel,19.909909909909906,10.033444816053505,120,2.0218974076116933,-0.17810259238830684,-2.5,1.0714285714285714,3.571428571428571,44.5,44.42857142857143,-0.0714285714285694
3,Dallas Cowboys,Chicago Bears,Chicago Bears,bet365,draftkings,draftkings,18.398268398268414,20.000000000000018,115,1.7654799511942372,-0.38452004880576274,1.5,-1.5714285714285714,-3.071428571428571,46.0,50.07142857142857,4.071428571428569
3,Kansas City Chiefs,New York Giants,Kansas City Chiefs,fanduel,betway,betway,9.696969696969692,75.0,-260,1.3396476736780243,-0.044967710937360295,-5.5,-5.642857142857143,-0.14285714285714324,44.5,44.5,0.0
3,Detroit Lions,Baltimore Ravens,Detroit Lions,bet365,draftkings,draftkings,96.0,25.462962962962976,220,2.905714285714286,-0.29428571428571404,6.0,4.071428571428571,-1.9285714285714288,53.5,54.07142857142857,0.5714285714285694
4,Seattle Seahawks,Arizona Cardinals,Seattle Seahawks,fanduel,betway,betway,7.822685788787487,17.407407407407405,115,1.8119078661451546,-0.33809213385484527,2.5,-1.5,-4.0,43.5,43.642857142857146,0.1428571428571459
4,Minnesota Vikings,Pittsburgh Steelers,Pittsburgh Steelers,caesars,fanduel,fanduel,22.453889334402575,43.99999999999995,110,1.6386841096429823,-0.4613158903570178,2.0,-2.642857142857143,-4.642857142857142,42.0,40.642857142857146,-1.357142857142854
4,Carolina Panthers,New England Patriots,New England Patriots,draftkings,bet365,caesars,19.99999999999997,3.0804774740084806,200,3.0214285714285714,0.021428571428571352,5.5,5.214285714285714,-0.2857142857142856,43.0,42.5,-0.5
4,Cleveland Browns,Detroit Lions,Detroit Lions,si,fanduel,fanduel,109.99999999999997,4.0000000000000036,375,5.007142857142857,0.2571428571428571,10.0,9.642857142857142,-0.35714285714285765,46.5,43.92857142857143,-2.5714285714285694
4,New Orleans Saints,Buffalo Bills,Buffalo Bills,si,draftkings,draftkings,200.0,2.813299232736566,900,8.9,-1.0999999999999996,14.5,14.428571428571429,-0.07142857142857117,48.0,48.07142857142857,0.0714285714285694
4,Tennessee Titans,Houston Texans,Houston Texans,bet365,fanduel,fanduel,90.00000000000003,8.448540706605211,300,3.8642857142857143,-0.13571428571428568,7.5,6.857142857142857,-0.6428571428571432,40.0,40.07142857142857,0.0714285714285694
4,Philadelphia Eagles,Tampa Bay Buccaneers,Philadelphia Eagles,bet365,caesars,caesars,1.3495276653171295,16.000000000000014,-195,1.5216767881241566,0.008856275303643857,-3.5,-3.5,0.0,44.0,44.07142857142857,0.0714285714285694
4,Los Angeles Chargers,New York Giants,New York Giants,fanduel,betway,betway,29.957805907173007,115.99999999999997,-250,1.4290163176117214,0.02901631761172152,-5.5,-5.142857142857143,0.35714285714285676,45.0,42.357142857142854,-2.642857142857146
4,Washington Commanders,Atlanta Falcons,Atlanta Falcons,fanduel,si,si,23.99999999999998,15.202076381164265,110,2.2914285714285714,0.19142857142857128,-1.5,2.5,4.0,45.0,43.785714285714285,-1.2142857142857153
4,Indianapolis Colts,Los Angeles Rams,Los Angeles Rams,caesars,bet365,fanduel,16.000000000000014,2.7720027720027796,150,2.545714285714286,0.04571428571428582,3.5,3.2142857142857144,-0.2857142857142856,50.0,49.357142857142854,-0.6428571428571459
4,Jacksonville Jaguars,San Francisco 49ers,Jacksonville Jaguars,draftkings,bet365,bet365,45.000000000000014,19.78973407544835,140,2.531428571428571,0.13142857142857123,3.0,3.357142857142857,0.3571428571428572,47.0,46.0,-1.0
4,Chicago Bears,Las Vegas Raiders,Chicago Bears,bet365,si,si,10.000000000000009,5.9259259259259345,110,2.0857142857142854,-0.014285714285714679,2.0,1.4285714285714286,-0.5714285714285714,49.0,47.642857142857146,-1.357142857142854
4,Baltimore Ravens,Kansas City Chiefs,Kansas City Chiefs,caesars,draftkings,draftkings,25.487256371814105,53.00000000000003,-150,1.6080315324065542,-0.058635134260112354,-2.5,-2.9285714285714284,-0.4285714285714284,49.0,48.42857142857143,-0.5714285714285694
4,Green Bay Packers,Dallas Cowboys,Green Bay Packers,bet365,draftkings,draftkings,15.151515151515138,155.00000000000003,-225,1.2531406846328637,-0.19130375981158076,-4.5,-7.5,-3.0,48.5,47.714285714285715,-0.7857142857142847
4,New York Jets,Miami Dolphins,Miami Dolphins,si,betway,fanduel,13.000000000000034,4.166666666666652,125,2.287142857142857,0.03714285714285692,2.5,2.4285714285714284,-0.07142857142857162,45.0,43.92857142857143,-1.0714285714285694
4,Cincinnati Bengals,Denver Broncos,Denver Broncos,si,fanduel,fanduel,144.99999999999997,11.250000000000004,320,4.292857142857144,0.09285714285714342,6.5,6.928571428571429,0.4285714285714288,45.0,44.42857142857143,-0.5714285714285694
5,San Francisco 49ers,Los Angeles Rams,San Francisco 49ers,si,fanduel,fanduel,129.99999999999997,11.67608286252353,135,4.071428571428571,1.721428571428571,3.0,7.642857142857143,4.642857142857143,47.0,44.42857142857143,-2.5714285714285694
5,Minnesota Vikings,Cleveland Browns,Minnesota Vikings,fanduel,bet365,bet365,74.38095238095235,110.8974358974359,-210,1.6979537192025265,0.2217632430120502,-4.5,-2.0714285714285716,2.4285714285714284,38.5,36.07142857142857,-2.4285714285714306
5,Dallas Cowboys,New York Jets,Dallas Cowboys,si,bet365,bet365,30.000000000000004,33.57142857142854,-125,2.0131972789115644,0.21319727891156437,-1.5,0.21428571428571427,1.7142857142857142,48.5,47.285714285714285,-1.2142857142857153
5,Denver Broncos,Philadelphia Eagles,Denver Broncos,bet365,draftkings,draftkings,50.0,11.524822695035454,195,2.777142857142857,-0.17285714285714304,5.5,3.7857142857142856,-1.7142857142857144,43.5,43.357142857142854,-0.1428571428571459
5,Houston Texans,Baltimore Ravens,Houston Texans,betway,draftkings,draftkings,45.17704517704517,119.99999999999997,-140,1.614831255225344,-0.09945445906037031,9.5,-3.2142857142857144,-12.714285714285715,45.5,42.214285714285715,-3.2857142857142847
5,Miami Dolphins,Carolina Panthers,Carolina Panthers,bet365,draftkings,draftkings,37.5,40.66666666666667,100,1.8678602470975354,-0.1321397529024646,1.5,-1.5714285714285714,-3.071428571428571,46.5,44.214285714285715,-2.2857142857142847
5,New York Giants,New Orleans Saints,New Orleans Saints,si,fanduel,fanduel,73.55555555555553,100.57142857142853,-125,1.8900907029478458,0.09009070294784571,-1.5,0.35714285714285715,1.8571428571428572,41.5,43.0,1.5
5,Las Vegas Raiders,Indianapolis Colts,Indianapolis Colts,betway,draftkings,draftkings,104.99999999999999,12.145748987854255,270,3.664285714285714,-0.03571428571428603,6.5,6.785714285714286,0.2857142857142856,47.5,46.785714285714285,-0.7142857142857153
5,Tennessee Titans,Arizona Cardinals,Tennessee Titans,betway,si,draftkings,60.00000000000001,3.2608695652173836,340,4.221428571428571,-0.1785714285714297,7.5,7.285714285714286,-0.2142857142857144,41.5,41.5,0.0
5,Tampa Bay Buccaneers,Seattle Seahawks,Tampa Bay Buccaneers,si,bet365,bet365,60.00000000000001,30.000000000000004,105,2.382857142857143,0.3328571428571432,1.5,2.9285714285714284,1.4285714285714284,44.5,45.07142857142857,0.5714285714285694
5,Detroit Lions,Cincinnati Bengals,Detroit Lions,bet365,fanduel,fanduel,24.16988416988417,769.9999999999999,-370,1.1494650431696436,-0.12080522710062658,-7.5,-11.5,-4.0,49.5,50.0,0.5
5,Washington Commanders,Los Angeles Chargers,Washington Commanders,draftkings,bet365,bet365,39.99999999999999,19.02173913043479,135,2.487142857142857,0.137142857142857,3.0,3.2142857142857144,0.2142857142857144,48.5,48.642857142857146,0.1428571428571459
5,New England Patriots,Buffalo Bills,New England Patriots,si,fanduel,fanduel,110.00000000000001,8.080808080808065,380,4.128571428571428,-0.6714285714285717,8.5,7.142857142857143,-1.3571428571428568,49.5,48.42857142857143,-1.0714285714285694
5,Kansas City Chiefs,Jacksonville Jaguars,Jacksonville Jaguars,bet365,caesars,caesars,5.273566249176009,15.000000000000036,-185,1.5076835293200361,-0.03285701122050444,-3.5,-3.5,0.0,45.5,45.5,0.0
6,Philadelphia Eagles,New York Giants,New York Giants,draftkings,betway,betway,4.093567251461971,50.0,-400,1.244109924671623,-0.005890075328377042,-7.5,-7.285714285714286,0.2142857142857144,42.5,40.57142857142857,-1.9285714285714306
6,Denver Broncos,New York Jets,Denver Broncos,bet365,fanduel,draftkings,8.016877637130793,69.99999999999997,-300,1.2740522888804986,-0.059281044452834664,-6.5,-7.142857142857143,-0.6428571428571432,43.5,43.5,0.0
6,Cleveland Browns,Pittsburgh Steelers,Pittsburgh Steelers,fanduel,bet365,bet365,89.99999999999999,15.20572450805009,230,3.4214285714285717,0.12142857142857189,6.5,6.785714285714286,0.2857142857142856,38.5,38.5,0.0
6,Arizona Cardinals,Indianapolis Colts,Indianapolis Colts,si,bet365,bet365,210.0,28.947368421052634,280,4.278571428571428,0.47857142857142776,7.5,8.857142857142858,1.3571428571428577,46.5,46.357142857142854,-0.1428571428571459
6,Dallas Cowboys,Carolina Panthers,Carolina Panthers,fanduel,bet365,bet365,12.303485987696527,39.99999999999999,-175,1.6132786270630883,0.041850055634516936,-3.5,-2.9285714285714284,0.5714285714285716,47.5,46.785714285714285,-0.7142857142857153
6,Los Angeles Rams,Baltimore Ravens,Los Angeles Rams,bet365,betway,si,14.906832298136653,110.00000000000001,-400,1.3212262919264322,0.07122629192643215,-7.5,-6.714285714285714,0.7857142857142856,43.5,43.714285714285715,0.2142857142857153
6,Los Angeles Chargers,Miami Dolphins,Los Angeles Chargers,fanduel,betway,betway,5.555555555555558,14.999999999999991,-185,1.5307977150082412,-0.009742825532299326,-1.5,-3.5,-2.0,45.5,45.357142857142854,-0.1428571428571459
6,Seattle Seahawks,Jacksonville Jaguars,Seattle Seahawks,bet365,fanduel,fanduel,29.5774647887324,28.666666666666664,100,1.848121804031173,-0.1518781959688269,1.5,-1.2857142857142858,-2.7857142857142856,44.5,47.5,3.0
6,San Francisco 49ers,Tampa Bay Buccaneers,Tampa Bay Buccaneers,fanduel,bet365,bet365,66.00000000000001,32.82828282828283,100,2.508571428571429,0.5085714285714289,1.5,3.5,2.0,47.5,46.857142857142854,-0.6428571428571459
6,Tennessee Titans,Las Vegas Raiders,Las Vegas Raiders,bet365,draftkings,draftkings,85.99999999999999,20.72072072072073,240,2.71,-0.69,6.5,3.9285714285714284,-2.5714285714285716,41.5,41.5,0.0
6,Cincinnati Bengals,Green Bay Packers,Green Bay Packers,si,draftkings,draftkings,200.0,3.2547699214366066,650,7.278571428571429,-0.22142857142857064,13.5,13.642857142857142,0.14285714285714235,44.5,43.0,-1.5
6,New England Patriots,New Orleans Saints,New England Patriots,bet365,draftkings,draftkings,3.47222222222221,10.000000000000009,-180,1.5379510149246993,-0.017604540630856258,-3.5,-3.4285714285714284,0.07142857142857162,45.5,46.07142857142857,0.5714285714285694
6,Detroit Lions,Kansas City Chiefs,Kansas City Chiefs,fanduel,bet365,bet365,29.999999999999982,18.398268398268414,100,2.2085714285714286,0.20857142857142863,1.5,2.357142857142857,0.8571428571428572,48.5,51.5,3.0
6,Buffalo Bills,Atlanta Falcons,Atlanta Falcons,betway,caesars,si,2.3809523809523725,10.000000000000009,-205,1.4863115978098558,-0.001493280238924699,-5.5,-3.9285714285714284,1.5714285714285716,49.5,49.357142857142854,-0.1428571428571459
6,Chicago Bears,Washington Commanders,Chicago Bears,betway,bet365,bet365,30.00000000000003,6.441223832528187,190,3.0642857142857145,0.1642857142857146,4.5,5.214285714285714,0.7142857142857144,49.5,48.857142857142854,-0.6428571428571459
7,Pittsburgh Steelers,Cincinnati Bengals,Cincinnati Bengals,bet365,betway,betway,5.982905982905984,35.00000000000001,-225,1.406529498246185,-0.037914946198259525,-4.5,-5.214285714285714,-0.7142857142857144,42.5,44.785714285714285,2.2857142857142847
7,Los Angeles Rams,Jacksonville Jaguars,Los Angeles Rams,si,bet365,bet365,5.050505050505039,20.000000000000018,-180,1.588562551709256,0.03300699615370051,-3.5,-3.2857142857142856,0.2142857142857144,44.5,44.285714285714285,-0.2142857142857153
7,Carolina Panthers,New York Jets,Carolina Panthers,fanduel,si,draftkings,12.82051282051282,8.28157349896481,-110,1.924313781456639,0.015222872365729723,-1.0,-0.07142857142857142,0.9285714285714286,44.5,40.0,-4.5
7,Miami Dolphins,Cleveland Browns,Cleveland Browns,bet365,betway,betway,17.99999999999997,6.326034063260355,130,2.2,-0.09999999999999964,2.5,2.357142857142857,-0.1428571428571428,41.5,34.642857142857146,-6.857142857142854
7,New Orleans Saints,Chicago Bears,Chicago Bears,bet365,betmgm,draftkings,75.0,15.517241379310342,235,2.802857142857143,-0.5471428571428572,6.5,2.9285714285714284,-3.5714285714285716,45.5,43.785714285714285,-1.7142857142857153
7,New England Patriots,Tennessee Titans,New England Patriots,bet365,si,draftkings,6.715506715506714,29.999999999999982,-260,1.3426002300094309,-0.04201515460595373,-6.5,-6.5,0.0,42.5,41.07142857142857,-1.4285714285714306
7,Philadelphia Eagles,Minnesota Vikings,Philadelphia Eagles,bet365,caesars,draftkings,6.493506493506507,9.999999999999964,-135,1.6856535378702868,-0.05508720287045388,-1.5,-2.5,-1.0,43.5,43.714285714285715,0.2142857142857153
7,Las Vegas Raiders,Kansas City Chiefs,Kansas City Chiefs,si,bet365,bet365,150.0,4.2857142857142705,500,6.914285714285714,0.9142857142857137,10.5,12.785714285714286,2.2857142857142865,44.5,44.5,0.0
7,Indianapolis Colts,Los Angeles Chargers,Indianapolis Colts,si,bet365,bet365,29.999999999999982,18.817204301075297,100,2.1785714285714284,0.17857142857142838,1.5,2.357142857142857,0.8571428571428572,48.5,48.785714285714285,0.2857142857142847
7,New York Giants,Denver Broncos,Denver Broncos,bet365,draftkings,caesars,20.000000000000018,1.3071895424836555,350,4.414285714285714,-0.0857142857142863,8.5,8.0,-0.5,40.5,40.57142857142857,0.0714285714285694
7,Green Bay Packers,Arizona Cardinals,Green Bay Packers,bet365,betway,draftkings,15.35087719298247,104.99999999999999,-240,1.304623073420066,-0.11204359324660085,-5.0,-6.785714285714286,-1.7857142857142856,44.5,44.857142857142854,0.3571428571428541
7,Washington Commanders,Dallas Cowboys,Dallas Cowboys,fanduel,bet365,bet365,39.33333333333336,44.99999999999999,-150,1.9895238095238095,0.32285714285714295,-2.5,1.6428571428571428,4.142857142857142,52.0,55.07142857142857,3.0714285714285694
7,Atlanta Falcons,San Francisco 49ers,San Francisco 49ers,bet365,si,si,93.04347826086956,49.78354978354977,180,2.0211180124223604,-0.7788819875776394,4.5,-0.7142857142857143,-5.214285714285714,45.5,46.57142857142857,1.0714285714285694
7,Tampa Bay Buccaneers,Detroit Lions,Detroit Lions,si,bet365,bet365,50.0,10.144927536231885,180,3.2142857142857144,0.4142857142857146,4.5,5.785714285714286,1.2857142857142856,53.5,54.785714285714285,1.2857142857142847
7,Houston Texans,Seattle Seahawks,Seattle Seahawks,si,bet365,bet365,15.000000000000036,7.697947214076217,130,2.4114285714285715,0.11142857142857165,2.5,3.0714285714285716,0.5714285714285716,41.5,41.285714285714285,-0.2142857142857153
8,Minnesota Vikings,Los Angeles Chargers,Los Angeles Chargers,betmgm,bet365,bet365,18.999999999999993,8.445945945945944,135,2.4785714285714286,0.12857142857142856,3.0,3.4285714285714284,0.4285714285714284,42.5,44.785714285714285,2.2857142857142847
8,Buffalo Bills,Carolina Panthers,Buffalo Bills,bet365,si,fanduel,3.7712130735386484,30.00000000000003,-370,1.248303218207459,-0.021967052062811243,-7.5,-7.428571428571429,0.07142857142857117,48.5,47.642857142857146,-0.8571428571428541
8,Chicago Bears,Baltimore Ravens,Baltimore Ravens,bet365,draftkings,draftkings,173.57142857142858,77.21311475409837,245,2.274551638837353,-1.1754483611626472,6.5,1.7857142857142858,-4.714285714285714,49.5,44.785714285714285,-4.714285714285715
8,Cleveland Browns,New England Patriots,New England Patriots,betway,bet365,bet365,35.00000000000001,3.987240829346095,265,3.8285714285714287,0.17857142857142883,6.5,6.857142857142857,0.35714285714285676,40.5,40.5,0.0
8,Miami Dolphins,Atlanta Falcons,Miami Dolphins,si,bet365,bet365,259.99999999999994,139.35897435897436,-200,3.5357142857142856,2.0357142857142856,-5.5,5.142857142857143,10.642857142857142,44.0,44.285714285714285,0.2857142857142847
8,New York Giants,Philadelphia Eagles,Philadelphia Eagles,fanduel,bet365,caesars,20.000000000000018,1.3157894736842035,300,4.042857142857143,0.042857142857142705,7.5,7.285714285714286,-0.2142857142857144,44.5,43.285714285714285,-1.2142857142857153
8,New York Jets,Cincinnati Bengals,New York Jets,si,bet365,bet365,105.00000000000003,37.710437710437695,115,3.035714285714285,0.8857142857142852,2.5,5.214285714285714,2.7142857142857144,42.5,43.857142857142854,1.357142857142854
8,San Francisco 49ers,Houston Texans,Houston Texans,fanduel,bet365,bet365,23.0,13.0984643179765,115,2.282857142857143,0.132857142857143,1.5,2.857142857142857,1.3571428571428572,41.5,41.285714285714285,-0.2142857142857153
8,Tampa Bay Buccaneers,New Orleans Saints,Tampa Bay Buccaneers,caesars,bet365,bet365,7.03056342154087,35.00000000000001,-245,1.460680616701899,0.052517351395776624,-5.5,-3.7142857142857144,1.7857142857142856,47.5,46.0,-1.5
8,Dallas Cowboys,Denver Broncos,Denver Broncos,si,draftkings,draftkings,44.99999999999997,12.698412698412698,195,2.6814285714285715,-0.2685714285714287,4.5,3.9285714285714284,-0.5714285714285716,47.5,52.142857142857146,4.642857142857146
8,Tennessee Titans,Indianapolis Colts,Indianapolis Colts,si,bet365,bet365,350.0,6.617647058823528,550,9.214285714285714,2.7142857142857135,11.5,15.142857142857142,3.6428571428571423,45.5,47.785714285714285,2.2857142857142847
8,Green Bay Packers,Pittsburgh Steelers,Green Bay Packers,fanduel,bet365,bet365,5.067567567567566,10.000000000000009,-160,1.6517235765962417,0.026723576596241694,-3.0,-2.642857142857143,0.3571428571428572,43.5,45.642857142857146,2.142857142857146
8,Washington Commanders,Kansas City Chiefs,Kansas City Chiefs,betway,fanduel,fanduel,285.0,20.176606975482226,210,5.057142857142857,1.9571428571428569,5.5,9.214285714285714,3.7142857142857135,50.5,48.57142857142857,-1.9285714285714306
9,Baltimore Ravens,Miami Dolphins,Baltimore Ravens,bet365,fanduel,fanduel,2.6960784313725616,45.000000000000014,-425,1.2184505381099808,-0.016843579537078046,-8.0,-7.928571428571429,0.07142857142857117,49.5,51.57142857142857,2.0714285714285694
9,Atlanta Falcons,New England Patriots,New England Patriots,fanduel,bet365,bet365,129.99999999999997,42.01680672268908,120,3.007142857142857,0.8071428571428569,2.5,5.214285714285714,2.7142857142857144,45.5,45.214285714285715,-0.2857142857142847
9,Carolina Panthers,Green Bay Packers,Carolina Panthers,draftkings,bet365,bet365,175.0,6.1403508771930015,450,6.771428571428571,1.2714285714285714,10.5,12.428571428571429,1.9285714285714288,44.5,43.5,-1.0
9,Chicago Bears,Cincinnati Bengals,Chicago Bears,draftkings,betway,betway,47.50000000000001,63.57142857142857,-120,1.777017884732431,-0.05631544860090254,-1.5,-1.2857142857142858,0.2142857142857142,48.5,53.57142857142857,5.071428571428569
9,Indianapolis Colts,Pittsburgh Steelers,Pittsburgh Steelers,bet365,si,si,22.857142857142865,40.000000000000036,-125,1.6119579539132725,-0.1880420460867276,1.5,-2.857142857142857,-4.357142857142858,49.5,51.57142857142857,2.0714285714285694
9,Denver Broncos,Houston Texans,Denver Broncos,betmgm,si,si,38.07692307692307,40.925925925925924,-125,2.011208791208791,0.21120879120879077,-1.5,0.7857142857142857,2.2857142857142856,38.5,40.714285714285715,2.2142857142857153
9,Minnesota Vikings,Detroit Lions,Minnesota Vikings,betmgm,bet365,bet365,100.0,7.797270955165692,300,4.664285714285714,0.6642857142857137,7.5,9.642857142857142,2.1428571428571423,48.5,51.07142857142857,2.5714285714285694
9,Los Angeles Chargers,Tennessee Titans,Los Angeles Chargers,bet365,draftkings,draftkings,8.144796380090513,145.00000000000003,-425,1.1750823864424633,-0.06021173120459555,-9.5,-9.5,0.0,43.5,44.285714285714285,0.7857142857142847
9,San Francisco 49ers,New York Giants,San Francisco 49ers,betway,bet365,bet365,11.458333333333348,7.000000000000028,-150,1.700918391226186,0.034251724559519525,-3.0,-2.5,0.5,46.5,47.642857142857146,1.142857142857146
9,Jacksonville Jaguars,Las Vegas Raiders,Jacksonville Jaguars,si,bet365,bet365,14.423076923076916,31.000000000000007,-160,1.7298356405499262,0.10483564054992622,-1.5,-1.9285714285714286,-0.4285714285714286,44.5,44.0,-0.5
9,New Orleans Saints,Los Angeles Rams,Los Angeles Rams,draftkings,bet365,bet365,1025.0,13.717670893866906,475,10.0,4.25,11.5,15.5,4.0,45.0,44.642857142857146,-0.3571428571428541
9,Kansas City Chiefs,Buffalo Bills,Buffalo Bills,bet365,fanduel,fanduel,15.06493506493507,15.000000000000036,-125,1.7197785335102853,-0.08022146648971473,-1.5,-2.2142857142857144,-0.7142857142857144,50.5,52.714285714285715,2.2142857142857153
9,Seattle Seahawks,Washington Commanders,Seattle Seahawks,fanduel,bet365,bet365,3.7558685446009488,4.999999999999982,-150,1.673319194445955,0.006652527779288375,-2.5,-2.642857142857143,-0.1428571428571428,46.5,47.42857142857143,0.9285714285714306
9,Arizona Cardinals,Dallas Cowboys,Arizona Cardinals,caesars,bet365,bet365,18.000000000000014,7.97448165869219,140,2.5,0.10000000000000009,3.0,3.357142857142857,0.3571428571428572,52.5,47.857142857142854,-4.642857142857146
10,Las Vegas Raiders,Denver Broncos,Denver Broncos,bet365,si,caesars,45.000000000000014,2.2222222222222365,375,4.557142857142857,-0.19285714285714306,9.5,9.071428571428571,-0.4285714285714288,41.5,42.42857142857143,0.9285714285714306
10,Atlanta Falcons,Indianapolis Colts,Indianapolis Colts,bet365,si,si,59.999999999999964,9.259259259259256,280,3.4071428571428575,-0.39285714285714235,7.0,6.285714285714286,-0.7142857142857144,48.5,48.5,0.0
10,Buffalo Bills,Miami Dolphins,Miami Dolphins,bet365,fanduel,fanduel,2.6960784313725616,45.000000000000014,-425,1.220434665094108,-0.014859452552950847,-8.5,-8.285714285714286,0.21428571428571352,49.5,50.142857142857146,0.6428571428571459
10,Cleveland Browns,New York Jets,New York Jets,bet365,si,caesars,29.242424242424224,30.000000000000004,105,1.8076756576756579,-0.24232434232434197,-1.5,-1.8571428571428572,-0.3571428571428572,38.0,37.5,-0.5
10,Jacksonville Jaguars,Houston Texans,Houston Texans,bet365,draftkings,draftkings,55.71428571428574,33.769063180827885,145,2.010708339279768,-0.4392916607202322,1.5,-0.5,-2.0,41.5,37.714285714285715,-3.7857142857142847
10,New Orleans Saints,Carolina Panthers,New Orleans Saints,draftkings,bet365,bet365,95.00000000000001,22.222222222222232,165,3.0542857142857147,0.4042857142857148,3.5,5.642857142857143,2.1428571428571432,38.5,38.214285714285715,-0.2857142857142847
10,New England Patriots,Tampa Bay Buccaneers,New England Patriots,bet365,draftkings,draftkings,19.99999999999997,9.316770186335432,130,2.237142857142857,-0.06285714285714272,1.5,2.5,1.0,47.5,47.92857142857143,0.4285714285714306
10,New York Giants,Chicago Bears,Chicago Bears,betway,bet365,bet365,39.99999999999999,16.806722689075638,145,2.7585714285714285,0.3085714285714283,3.0,4.571428571428571,1.5714285714285712,46.5,44.5,-2.0
10,Baltimore Ravens,Minnesota Vikings,Baltimore Ravens,bet365,betway,caesars,8.333333333333325,30.00000000000003,-200,1.446671367461769,-0.05332863253823095,-3.5,-4.357142857142857,-0.8571428571428568,46.5,48.714285714285715,2.2142857142857153
10,Arizona Cardinals,Seattle Seahawks,Seattle Seahawks,draftkings,bet365,bet365,1090.0,35.33653846153846,210,5.907142857142857,2.8071428571428565,6.0,10.714285714285714,4.7142857142857135,44.5,47.5,3.0
10,Detroit Lions,Washington Commanders,Detroit Lions,bet365,draftkings,draftkings,32.63157894736841,219.99999999999997,-190,1.2640669997976308,-0.26224878967605325,-3.5,-8.071428571428571,-4.571428571428571,49.0,49.07142857142857,0.0714285714285694
10,Los Angeles Rams,San Francisco 49ers,Los Angeles Rams,bet365,si,si,37.710437710437695,110.00000000000001,-135,1.4339646156637984,-0.3067761250769423,-2.5,-5.571428571428571,-3.071428571428571,48.5,49.5,1.0
10,Pittsburgh Steelers,Los Angeles Chargers,Los Angeles Chargers,fanduel,betway,betway,16.000000000000014,4.009163802978244,155,2.5542857142857147,0.004285714285714892,3.5,3.2857142857142856,-0.2142857142857144,46.5,45.5,-1.0
10,Philadelphia Eagles,Green Bay Packers,Philadelphia Eagles,bet365,draftkings,draftkings,13.986013986014001,10.71428571428572,-110,1.8782883782883784,-0.030802530802530814,3.0,0.25,-2.75,45.5,43.785714285714285,-1.7142857142857153
11,New York Jets,New England Patriots,New England Patriots,draftkings,bet365,bet365,125.0,3.759398496240607,400,6.5928571428571425,1.5928571428571425,10.5,12.785714285714286,2.2857142857142865,46.5,43.07142857142857,-3.4285714285714306
11,Washington Commanders,Miami Dolphins,Miami Dolphins,draftkings,bet365,bet365,46.666666666666636,35.48387096774195,-120,2.1761904761904765,0.34285714285714297,1.5,2.357142857142857,0.8571428571428572,45.5,47.07142857142857,1.5714285714285694
11,Carolina Panthers,Atlanta Falcons,Carolina Panthers,si,bet365,bet365,35.00000000000001,13.002364066193861,150,2.71,0.20999999999999996,3.5,3.9285714285714284,0.4285714285714284,44.5,42.142857142857146,-2.357142857142854
11,Chicago Bears,Minnesota Vikings,Chicago Bears,betway,bet365,draftkings,23.0,9.700176366843039,120,2.23,0.029999999999999805,2.5,2.5714285714285716,0.07142857142857162,47.5,47.857142857142854,0.3571428571428541
11,Cincinnati Bengals,Pittsburgh Steelers,Pittsburgh Steelers,bet365,draftkings,draftkings,44.99999999999997,8.765044479330196,230,3.0471428571428576,-0.2528571428571422,5.5,5.5,0.0,50.0,47.857142857142854,-2.142857142857146
11,Green Bay Packers,New York Giants,Green Bay Packers,bet365,si,caesars,8.448540706605211,50.0,-310,1.2725001828688463,-0.050080462292444006,-7.0,-7.285714285714286,-0.2857142857142856,42.5,42.142857142857146,-0.3571428571428541
11,Houston Texans,Tennessee Titans,Houston Texans,betway,bet365,bet365,14.93212669683257,120.00000000000001,-425,1.3315894296109168,0.09629531196385788,-7.0,-5.642857142857143,1.3571428571428568,38.5,37.5,-1.0
11,Los Angeles Chargers,Jacksonville Jaguars,Jacksonville Jaguars,bet365,si,betmgm,15.483870967741954,25.0,-125,1.6992923571912393,-0.10070764280876077,-1.5,-2.7857142857142856,-1.2857142857142856,44.5,43.357142857142854,-1.142857142857146
11,Tampa Bay Buccaneers,Buffalo Bills,Buffalo Bills,si,bet365,bet365,50.0,7.692307692307687,210,3.3442857142857143,0.24428571428571422,6.0,6.285714285714286,0.2857142857142856,50.5,45.5,-5.0
11,Seattle Seahawks,Los Angeles Rams,Los Angeles Rams,betway,bet365,bet365,33.00000000000001,11.111111111111093,125,2.4499999999999997,0.19999999999999973,3.5,3.357142857142857,-0.1428571428571428,47.5,49.07142857142857,1.5714285714285694
11,San Francisco 49ers,Arizona Cardinals,San Francisco 49ers,bet365,fanduel,fanduel,29.494949494949484,61.00000000000003,-125,1.5690282331270275,-0.2309717668729725,-1.5,-3.2142857142857144,-1.7142857142857144,47.5,48.357142857142854,0.8571428571428541
11,Kansas City Chiefs,Denver Broncos,Denver Broncos,bet365,betway,si,19.061583577712593,55.00000000000003,-155,1.489461263802785,-0.15570002651979542,-2.5,-4.0,-1.5,45.5,44.714285714285715,-0.7857142857142847
11,Baltimore Ravens,Cleveland Browns,Baltimore Ravens,betway,betway,caesars,3.2608695652173836,29.999999999999982,-425,1.2280892594191826,-0.00720485822787631,-7.5,-7.5,0.0,41.5,37.642857142857146,-3.857142857142854
11,Detroit Lions,Philadelphia Eagles,Philadelphia Eagles,si,bet365,bet365,20.000000000000018,13.333333333333353,105,2.1471428571428572,0.09714285714285742,1.5,2.5,1.0,46.5,45.642857142857146,-0.8571428571428541
11,Dallas Cowboys,Las Vegas Raiders,Dallas Cowboys,fanduel,betmgm,betmgm,22.803487592219973,112.19653179190755,-185,1.561475901846184,0.02093536130564333,-3.5,-3.2142857142857144,0.2857142857142856,49.5,48.07142857142857,-1.4285714285714306
12,Buffalo Bills,Houston Texans,Houston Texans,bet365,caesars,caesars,32.967032967032985,84.99999999999997,-140,1.4453159519594607,-0.2689697623262537,-2.5,-4.928571428571429,-2.428571428571429,44.5,44.214285714285715,-0.2857142857142847
12,Indianapolis Colts,Kansas City Chiefs,Kansas City Chiefs,si,betmgm,betway,19.99999999999997,1.976284584980248,185,2.8400000000000003,-0.009999999999999787,4.5,4.285714285714286,-0.2142857142857144,50.5,49.642857142857146,-0.8571428571428541
12,Minnesota Vikings,Green Bay Packers,Green Bay Packers,fanduel,bet365,betway,20.999999999999996,2.4653312788906145,225,3.3057142857142856,0.055714285714285605,6.5,6.428571428571429,-0.07142857142857117,43.5,41.5,-2.0
12,New England Patriots,Cincinnati Bengals,New England Patriots,bet365,draftkings,draftkings,15.609756097560968,115.00000000000003,-250,1.2823681264744469,-0.11763187352555304,-5.5,-7.428571428571429,-1.9285714285714288,50.5,50.642857142857146,0.1428571428571459
12,New York Giants,Detroit Lions,Detroit Lions,si,bet365,bet365,275.0,7.051282051282048,475,7.714285714285714,1.9642857142857144,10.5,14.214285714285714,3.7142857142857135,49.5,50.642857142857146,1.142857142857146
12,New York Jets,Baltimore Ravens,Baltimore Ravens,betmgm,draftkings,draftkings,125.0,2.3809523809523947,750,8.321428571428571,-0.17857142857142883,14.5,14.071428571428571,-0.4285714285714288,44.5,44.5,0.0
12,Pittsburgh Steelers,Chicago Bears,Chicago Bears,draftkings,bet365,bet365,25.0,15.483870967741954,105,2.224285714285714,0.17428571428571438,1.5,2.642857142857143,1.1428571428571428,46.5,46.357142857142854,-0.1428571428571459
12,Seattle Seahawks,Tennessee Titans,Seattle Seahawks,bet365,si,si,2.807017543859658,100.0,-750,1.1150795471303707,-0.018253786202962585,-12.5,-12.5,0.0,43.5,41.642857142857146,-1.857142857142854
12,Cleveland Browns,Las Vegas Raiders,Cleveland Browns,fanduel,bet365,bet365,43.99999999999999,26.923076923076916,110,2.4085714285714284,0.3085714285714283,2.0,3.2142857142857144,1.2142857142857144,37.5,35.214285714285715,-2.2857142857142847
12,Jacksonville Jaguars,Arizona Cardinals,Jacksonville Jaguars,bet365,betmgm,betmgm,25.92592592592593,31.666666666666643,100,1.7947977947977947,-0.20520220520220533,1.0,-1.9285714285714286,-2.928571428571429,46.5,47.357142857142854,0.8571428571428541
12,Atlanta Falcons,New Orleans Saints,Atlanta Falcons,si,bet365,bet365,52.368421052631575,80.0,-190,1.867832407981725,0.34151661850804094,-3.5,0.07142857142857142,3.5714285714285716,41.5,40.142857142857146,-1.357142857142854
12,Philadelphia Eagles,Dallas Cowboys,Dallas Cowboys,betway,bet365,bet365,19.495046340683906,50.99999999999998,-210,1.61267249633396,0.13648202014348376,-3.5,-2.857142857142857,0.6428571428571428,50.5,47.857142857142854,-2.642857142857146
12,Tampa Bay Buccaneers,Los Angeles Rams,L.A. Rams,betmgm,bet365,bet365,79.99999999999999,10.370370370370363,220,3.8142857142857145,0.6142857142857143,6.0,7.142857142857143,1.1428571428571432,49.5,49.857142857142854,0.3571428571428541
12,Carolina Panthers,San Francisco 49ers,San Francisco 49ers,fanduel,bet365,bet365,89.99999999999999,9.523809523809511,240,3.9214285714285717,0.5214285714285718,6.5,7.5,1.0,45.5,48.92857142857143,3.4285714285714306
13,Green Bay Packers,Detroit Lions,Green Bay Packers,si,bet365,bet365,10.000000000000009,5.692599620493333,130,2.347142857142857,0.04714285714285715,3.0,2.857142857142857,-0.1428571428571428,48.5,48.214285714285715,-0.2857142857142847
13,Kansas City Chiefs,Dallas Cowboys,Dallas Cowboys,caesars,bet365,betway,3.47222222222221,5.999999999999961,-190,1.5362256871124147,0.009909897638730625,-4.0,-3.357142857142857,0.6428571428571428,51.5,53.42857142857143,1.9285714285714306
13,Cincinnati Bengals,Baltimore Ravens,Cincinnati Bengals,bet365,draftkings,betway,225.0,12.982456140350873,525,4.492857142857143,-1.7571428571428571,10.5,7.5,-3.0,50.0,52.357142857142854,2.357142857142854
13,Chicago Bears,Philadelphia Eagles,Chicago Bears,betway,draftkings,draftkings,73.0,5.303030303030298,275,3.79,0.040000000000000036,7.0,7.214285714285714,0.2142857142857144,45.0,43.357142857142854,-1.642857142857146
13,Atlanta Falcons,New York Jets,New York Jets,bet365,caesars,fanduel,21.86046511627906,33.999999999999986,-125,1.6305366082629191,-0.16946339173708092,-1.5,-3.142857142857143,-1.6428571428571428,39.0,38.214285714285715,-0.7857142857142847
13,Arizona Cardinals,Tampa Bay Buccaneers,Tampa Bay Buccaneers,bet365,betmgm,draftkings,55.00000000000003,10.582010582010604,220,2.807142857142857,-0.39285714285714324,6.0,4.5,-1.5,49.5,45.857142857142854,-3.642857142857146
13,Houston Texans,Indianapolis Colts,Houston Texans,bet365,betway,draftkings,40.000000000000036,13.331313437357961,170,2.434285714285714,-0.265714285714286,3.5,3.4285714285714284,-0.07142857142857162,46.5,44.5,-2.0
13,Jacksonville Jaguars,Tennessee Titans,Jacksonville Jaguars,draftkings,bet365,bet365,7.625272331154664,50.0,-340,1.3444292886711569,0.05031164161233326,-7.0,-5.928571428571429,1.0714285714285712,42.5,42.5,0.0
13,New Orleans Saints,Miami Dolphins,Miami Dolphins,fanduel,bet365,bet365,64.99999999999999,14.28571428571428,165,3.0257142857142862,0.37571428571428633,4.5,5.428571428571429,0.9285714285714288,43.0,41.57142857142857,-1.4285714285714306
13,Los Angeles Rams,Carolina Panthers,Carolina Panthers,draftkings,betmgm,fanduel,4.923599320882843,100.0,-500,1.183003182557661,-0.01699681744233894,-9.5,-9.785714285714286,-0.2857142857142865,45.5,44.642857142857146,-0.8571428571428541
13,San Francisco 49ers,Cleveland Browns,San Francisco 49ers,draftkings,bet365,bet365,9.566326530612246,75.0,-320,1.3790010729797022,0.0665010729797022,-7.0,-5.142857142857143,1.8571428571428568,42.5,35.0,-7.5
13,Minnesota Vikings,Seattle Seahawks,Seattle Seahawks,fanduel,bet365,bet365,330.0,17.982456140350877,300,6.285714285714286,2.2857142857142856,11.5,12.357142857142858,0.8571428571428577,44.0,41.142857142857146,-2.857142857142854
13,Buffalo Bills,Pittsburgh Steelers,Buffalo Bills,si,bet365,bet365,8.823529411764719,26.00000000000002,-200,1.565038333451778,0.0650383334517779,-3.5,-3.142857142857143,0.3571428571428572,47.0,44.5,-2.5
13,Las Vegas Raiders,Los Angeles Chargers,Los Angeles Chargers,fanduel,bet365,bet365,100.0,8.333333333333348,350,5.042857142857143,0.5428571428571427,8.5,9.928571428571429,1.4285714285714288,42.5,40.5,-2.0
13,Denver Broncos,Washington Commanders,Denver Broncos,caesars,draftkings,draftkings,1.6958733747880261,20.000000000000018,-300,1.334530356116243,0.0011970227829096736,-6.5,-6.142857142857143,0.35714285714285676,43.5,43.42857142857143,-0.0714285714285694
13,New York Giants,New England Patriots,New England Patriots,fanduel,betway,si,70.00000000000001,9.754738015607579,300,4.0,0.0,7.5,7.285714285714286,-0.2142857142857144,46.5,46.5,0.0
14,Dallas Cowboys,Detroit Lions,Detroit Lions,bet365,fanduel,si,5.000000000000027,1.6801075268817023,210,2.5685714285714285,-0.5314285714285716,5.5,3.5,-2.0,54.5,55.5,1.0
14,Chicago Bears,Green Bay Packers,Green Bay Packers,betway,betway,betmgm,35.00000000000001,2.564102564102555,250,3.5500000000000003,0.050000000000000266,6.5,6.928571428571429,0.4285714285714288,43.5,43.92857142857143,0.4285714285714306
14,Indianapolis Colts,Jacksonville Jaguars,Jacksonville Jaguars,betway,bet365,bet365,11.574074074074069,21.000000000000043,-160,1.6937926377581551,0.06879263775815514,-3.0,-1.9285714285714286,1.0714285714285714,48.5,45.42857142857143,-3.0714285714285694
14,Miami Dolphins,New York Jets,Miami Dolphins,bet365,fanduel,caesars,6.91244239631339,6.999999999999984,-150,1.6782862053756198,0.01161953870895327,-3.0,-2.5,0.5,42.0,41.5,-0.5
14,New Orleans Saints,Tampa Bay Buccaneers,New Orleans Saints,draftkings,betway,caesars,25.0,4.537026078036832,310,4.142857142857143,0.04285714285714359,7.5,8.928571428571429,1.4285714285714288,43.0,41.5,-1.5
14,Tennessee Titans,Cleveland Browns,Tennessee Titans,betway,bet365,bet365,14.999999999999991,5.0125313283207795,160,2.6728571428571426,0.07285714285714251,3.5,3.642857142857143,0.1428571428571428,34.5,33.642857142857146,-0.8571428571428541
14,Pittsburgh Steelers,Baltimore Ravens,Pittsburgh Steelers,si,fanduel,fanduel,14.999999999999991,4.25065130947484,255,3.204285714285714,-0.34571428571428564,6.5,5.785714285714286,-0.7142857142857144,47.5,43.57142857142857,-3.9285714285714306
14,Seattle Seahawks,Atlanta Falcons,Seattle Seahawks,bet365,si,draftkings,3.577017661524695,25.0,-450,1.2977617062124103,0.07553948399018795,-7.5,-7.571428571428571,-0.07142857142857117,44.0,44.5,0.5
14,Washington Commanders,Minnesota Vikings,Minnesota Vikings,betway,si,si,8.100810081008092,11.082693947144096,-105,1.9390782997175682,-0.013302652663384151,3.0,-0.21428571428571427,-3.2142857142857144,42.5,43.642857142857146,1.142857142857146
14,Denver Broncos,Las Vegas Raiders,Denver Broncos,betway,betmgm,betmgm,3.9029535864978815,39.99999999999994,-450,1.224879174425564,0.0026569522033417226,-8.0,-9.357142857142858,-1.3571428571428577,39.5,40.5,1.0
14,Cincinnati Bengals,Buffalo Bills,Buffalo Bills,bet365,betway,caesars,10.000000000000009,1.6069618531978414,320,3.3071428571428574,-0.8928571428571428,7.0,-1.1428571428571428,-8.142857142857142,53.5,54.5,1.0
14,Los Angeles Rams,Arizona Cardinals,Los Angeles Rams,draftkings,fanduel,fanduel,2.4036204533077976,39.99999999999994,-500,1.1983335613553627,-0.0016664386446372248,-8.5,-9.857142857142858,-1.3571428571428577,47.5,49.07142857142857,1.5714285714285694
14,Houston Texans,Kansas City Chiefs,Houston Texans,caesars,bet365,bet365,10.000000000000009,4.470938897168408,205,2.8542857142857145,-0.19571428571428529,5.5,4.357142857142857,-1.1428571428571432,42.5,41.5,-1.0
14,Philadelphia Eagles,Los Angeles Chargers,Los Angeles Chargers,bet365,betway,betway,6.956521739130417,4.761904761904767,-150,1.849169638189535,0.18250297152286854,-2.5,-1.5,1.0,44.0,41.92857142857143,-2.0714285714285694
15,Atlanta Falcons,Tampa Bay Buccaneers,Atlanta Falcons,si,bet365,bet365,140.0,18.461538461538463,210,3.4285714285714293,0.3285714285714292,5.5,6.357142857142857,0.8571428571428568,44.0,43.5,-0.5
15,Buffalo Bills,New England Patriots,Buffalo Bills,bet365,betway,draftkings,24.815560026827633,36.04347826086958,-105,1.7575357927801787,-0.19484515960077364,-1.5,-2.5714285714285716,-1.0714285714285716,48.5,49.57142857142857,1.0714285714285694
15,Cleveland Browns,Chicago Bears,Chicago Bears,bet365,draftkings,draftkings,29.999999999999982,3.1924882629107865,325,4.064285714285714,-0.18571428571428594,7.5,8.142857142857142,0.6428571428571423,39.5,38.214285714285715,-1.2857142857142847
15,Arizona Cardinals,Houston Texans,Houston Texans,draftkings,bet365,bet365,194.99999999999997,15.152647975077894,260,5.028571428571428,1.4285714285714275,9.5,10.928571428571429,1.4285714285714288,43.5,42.142857142857146,-1.357142857142854
15,New York Jets,Jacksonville Jaguars,Jacksonville Jaguars,draftkings,bet365,bet365,275.0,8.619265865642678,400,7.192857142857143,2.192857142857143,13.5,15.928571428571429,2.428571428571429,40.5,40.42857142857143,-0.0714285714285694
15,Las Vegas Raiders,Philadelphia Eagles,Philadelphia Eagles,draftkings,si,si,75.0,1.995798319327724,575,6.871428571428572,0.12142857142857189,12.5,14.857142857142858,2.3571428571428577,39.5,37.0,-2.5
15,Baltimore Ravens,Cincinnati Bengals,Baltimore Ravens,bet365,fanduel,fanduel,12.318840579710134,29.000000000000004,-150,1.6048351414932829,-0.06183152517338364,-2.5,-3.2857142857142856,-0.7857142857142856,51.5,51.5,0.0
15,Los Angeles Chargers,Kansas City Chiefs,Los Angeles Chargers,betway,bet365,bet365,50.0,10.474960539532209,190,3.228571428571428,0.3285714285714283,5.5,5.785714285714286,0.2857142857142856,41.5,41.5,0.0
15,Washington Commanders,New York Giants,Washington Commanders,fanduel,betway,betway,58.57142857142854,55.483870967741964,-120,2.062517006802721,0.22918367346938773,-1.5,-1.2857142857142858,0.2142857142857142,47.5,45.785714285714285,-1.7142857142857153
15,Carolina Panthers,New Orleans Saints,New Orleans Saints,betway,fanduel,draftkings,9.355509355509351,4.0000000000000036,-150,1.7032478157385373,0.03658114907187082,-2.5,-2.5714285714285716,-0.07142857142857162,39.5,41.42857142857143,1.9285714285714306
15,Indianapolis Colts,Seattle Seahawks,Seattle Seahawks,betmgm,bet365,bet365,490.00000000000006,42.631578947368396,160,6.042857142857143,3.4428571428571426,4.0,12.642857142857142,8.642857142857142,46.5,41.57142857142857,-4.928571428571431
15,Detroit Lions,Los Angeles Rams,Los Angeles Rams,betway,bet365,bet365,39.99999999999999,9.15750915750917,175,3.0142857142857147,0.2642857142857147,6.0,5.071428571428571,-0.9285714285714288,50.5,54.5,4.0
15,Green Bay Packers,Denver Broncos,Denver Broncos,betway,draftkings,draftkings,7.318501170960179,4.9126213592233015,-120,1.8409190260164379,0.007585692683104384,-1.5,-1.4285714285714286,0.0714285714285714,42.5,42.5,0.0
15,Tennessee Titans,San Francisco 49ers,San Francisco 49ers,betway,caesars,caesars,334.0,1.8063754427390721,650,7.57,0.07000000000000028,12.5,13.357142857142858,0.8571428571428577,44.0,44.5,0.5
15,Minnesota Vikings,Dallas Cowboys,Minnesota Vikings,draftkings,betway,fanduel,20.999999999999996,7.309195988441286,195,3.014285714285714,0.06428571428571361,5.5,-0.8571428571428571,-6.357142857142857,47.5,47.5,0.0
15,Miami Dolphins,Pittsburgh Steelers,Pittsburgh Steelers,betmgm,bet365,bet365,25.0,10.606060606060597,140,2.544285714285714,0.14428571428571413,3.0,3.5714285714285716,0.5714285714285716,42.5,43.5,1.0
16,Los Angeles Rams,Seattle Seahawks,Seattle Seahawks,si,bet365,bet365,24.090909090909072,16.835016835016848,-110,2.047012987012987,0.13792207792207778,-1.0,-0.14285714285714285,0.8571428571428572,47.5,42.214285714285715,-5.285714285714285
16,Green Bay Packers,Chicago Bears,Chicago Bears,si,bet365,bet365,37.5,51.66666666666666,-160,1.9312224889955982,0.30622248899559823,-3.0,-0.42857142857142855,2.5714285714285716,46.5,44.642857142857146,-1.857142857142854
16,Philadelphia Eagles,Washington Commanders,Philadelphia Eagles,bet365,betway,draftkings,12.145748987854255,89.99999999999999,-260,1.2927657972770754,-0.09184958733830917,-5.5,-7.714285714285714,-2.2142857142857144,45.5,43.57142857142857,-1.9285714285714306
16,Buffalo Bills,Cleveland Browns,Buffalo Bills,bet365,fanduel,si,4.0000000000000036,84.99999999999997,-500,1.1724297844790696,-0.027570215520930308,-10.5,-12.214285714285714,-1.7142857142857135,41.5,41.214285714285715,-0.2857142857142847
16,Kansas City Chiefs,Tennessee Titans,Tennessee Titans,si,bet365,bet365,46.32352941176472,409.99999999999994,-800,1.5104262349474387,0.38542623494743866,-11.5,-4.857142857142857,6.642857142857143,41.5,37.57142857142857,-3.9285714285714306
16,Minnesota Vikings,New York Giants,Minnesota Vikings,bet365,si,si,16.666666666666696,25.0,-120,1.7111888083498143,-0.12214452498351913,-2.5,-2.7857142857142856,-0.2857142857142856,43.5,41.42857142857143,-2.0714285714285694
16,New England Patriots,Baltimore Ravens,New England Patriots,fanduel,bet365,bet365,51.99999999999996,22.648083623693395,120,2.567142857142857,0.367142857142857,3.5,3.857142857142857,0.3571428571428572,48.0,47.857142857142854,-0.1428571428571459
16,New York Jets,New Orleans Saints,New Orleans Saints,betway,bet365,bet365,119.99999999999997,21.283616564923257,160,3.357142857142857,0.7571428571428571,6.5,6.214285714285714,-0.2857142857142856,39.5,39.714285714285715,0.2142857142857153
16,Los Angeles Chargers,Dallas Cowboys,Los Angeles Chargers,bet365,betway,draftkings,16.960784313725476,10.671688637790332,115,2.0371988795518208,-0.11280112044817914,1.5,-0.07142857142857142,-1.5714285714285714,48.5,50.642857142857146,2.142857142857146
16,Tampa Bay Buccaneers,Carolina Panthers,Carolina Panthers,bet365,betway,fanduel,16.70886075949367,32.00000000000003,-125,1.669840978902967,-0.13015902109703315,-3.0,-3.0,0.0,45.5,45.07142857142857,-0.4285714285714306
16,Atlanta Falcons,Arizona Cardinals,Atlanta Falcons,bet365,fanduel,fanduel,19.23076923076925,32.00000000000003,-120,1.7040477251744854,-0.12928560815884804,-1.0,-2.5,-1.5,45.5,48.357142857142854,2.857142857142854
16,Jacksonville Jaguars,Denver Broncos,Jacksonville Jaguars,betway,bet365,bet365,37.999999999999986,12.612612612612594,125,2.487142857142857,0.2371428571428571,3.0,3.5,0.5,43.5,46.642857142857146,3.142857142857146
16,Pittsburgh Steelers,Detroit Lions,Pittsburgh Steelers,betway,bet365,bet365,104.0,12.240107310529847,230,4.069999999999999,0.7699999999999996,6.5,7.642857142857143,1.1428571428571432,49.5,52.07142857142857,2.5714285714285694
16,Las Vegas Raiders,Houston Texans,Houston Texans,betway,bet365,bet365,325.0,5.598688750862668,550,8.621428571428572,2.121428571428572,14.5,17.785714285714285,3.2857142857142847,37.5,39.357142857142854,1.857142857142854
16,Cincinnati Bengals,Miami Dolphins,Cincinnati Bengals,bet365,draftkings,betway,33.05164319248826,65.00000000000003,-125,1.5385647377674818,-0.26143526223251823,-1.5,-4.071428571428571,-2.571428571428571,50.5,48.142857142857146,-2.357142857142854
16,San Francisco 49ers,Indianapolis Colts,San Francisco 49ers,caesars,bet365,bet365,7.410021171489056,29.000000000000004,-260,1.438642189754526,0.05402680513914149,-6.0,-5.571428571428571,0.4285714285714288,45.5,47.92857142857143,2.4285714285714306
17,Dallas Cowboys,Washington Commanders,Dallas Cowboys,bet365,si,si,3.4741784037558787,54.999999999999986,-170,1.2072203142625677,-0.3810149798550795,-3.0,-9.714285714285714,-6.7142857142857135,51.5,50.5,-1.0
17,Detroit Lions,Minnesota Vikings,Minnesota Vikings,betway,betway,bet365,3.003003003003002,19.00000000000004,-190,1.282190353618925,-0.2441254358547591,-3.5,-7.785714285714286,-4.285714285714286,48.5,45.07142857142857,-3.4285714285714306
17,Denver Broncos,Kansas City Chiefs,Denver Broncos,bet365,betway,betway,2.2054464939502916,125.0,-245,1.0921423547350595,-0.31602091057106296,-6.0,-16.357142857142858,-10.357142857142858,39.5,38.142857142857146,-1.357142857142854
17,Arizona Cardinals,Cincinnati Bengals,Cincinnati Bengals,fanduel,bet365,bet365,25.0,3.276003276003281,195,3.7599999999999993,0.8099999999999992,5.5,-5.0,-10.5,51.5,51.92857142857143,0.4285714285714306
17,Houston Texans,Los Angeles Chargers,Houston Texans,betway,betway,fanduel,7.960784313725489,3.623188405797073,-120,2.0001680672268907,0.16683473389355719,1.5,-0.07142857142857142,-1.5714285714285714,39.5,40.714285714285715,1.2142857142857153
17,Jacksonville Jaguars,Indianapolis Colts,Jacksonville Jaguars,si,draftkings,draftkings,4.140786749482417,19.99999999999997,-238,1.464642762708203,0.04447469548131222,-5.5,-4.857142857142857,0.6428571428571432,44.5,48.5,4.0
17,New Orleans Saints,Tennessee Titans,New Orleans Saints,draftkings,bet365,bet365,13.986013986014001,19.090909090909093,-130,1.849690738868699,0.08045996963792978,-2.0,-0.7857142857142857,1.2142857142857144,38.5,39.07142857142857,0.5714285714285694
17,New England Patriots,New York Jets,New England Patriots,bet365,betway,betway,8.214936247723115,240.00000000000003,-549,1.1190376006057645,-0.06311176187146672,-9.5,-15.142857142857142,-5.642857142857142,44.0,42.357142857142854,-1.642857142857146
17,New York Giants,Las Vegas Raiders,New York Giants,caesars,bet365,draftkings,3.453303660501872,7.999999999999963,-165,1.61696535377885,0.010904747718244012,-3.0,-3.2857142857142856,-0.2857142857142856,43.5,40.42857142857143,-3.0714285714285694
17,Pittsburgh Steelers,Cleveland Browns,Cleveland Browns,draftkings,betmgm,betmgm,5.050505050505061,19.99999999999997,-200,1.4877507621868524,-0.012249237813147573,-4.0,-4.5,-0.5,35.5,34.785714285714285,-0.7142857142857153
17,Baltimore Ravens,Green Bay Packers,Baltimore Ravens,betway,si,si,25.0,8.895866038723188,135,2.164285714285714,-0.18571428571428594,3.0,0.21428571428571427,-2.7857142857142856,46.5,37.714285714285715,-8.785714285714285
17,Seattle Seahawks,Carolina Panthers,Seattle Seahawks,draftkings,si,betway,2.483854942871333,14.999999999999991,-426,1.312714158678689,0.07797237464113027,-7.5,-7.071428571428571,0.4285714285714288,43.5,42.5,-1.0
17,Tampa Bay Buccaneers,Miami Dolphins,Miami Dolphins,bet365,fanduel,fanduel,2.9629629629629672,22.00000000000002,-250,1.3875103403477032,-0.012489659652296758,-5.5,-5.785714285714286,-0.2857142857142856,47.0,44.0,-3.0
17,Philadelphia Eagles,Buffalo Bills,Philadelphia Eagles,fanduel,bet365,bet365,16.999999999999993,6.944444444444442,135,2.4557142857142855,0.10571428571428543,3.0,3.4285714285714284,0.4285714285714284,45.5,45.214285714285715,-0.2857142857142847
17,Chicago Bears,San Francisco 49ers,San Francisco 49ers,betway,bet365,bet365,20.000000000000018,3.1746031746031855,135,2.8442857142857148,0.49428571428571466,3.0,4.285714285714286,1.2857142857142856,50.5,51.5,1.0
17,Los Angeles Rams,Atlanta Falcons,Atlanta Falcons,si,bet365,bet365,8.571428571428562,95.00000000000001,-500,1.265319669830948,0.06531966983094795,-8.5,-7.857142857142857,0.6428571428571432,48.5,48.92857142857143,0.4285714285714306
18,Carolina Panthers,Tampa Bay Buccaneers,Tampa Bay Buccaneers,bet365,draftkings,betway,35.00000000000001,14.516129032258052,165,2.3985714285714286,-0.25142857142857133,3.5,3.2857142857142856,-0.2142857142857144,43.5,42.5,-1.0
18,Cleveland Browns,Cincinnati Bengals,Cleveland Browns,betway,draftkings,draftkings,29.999999999999982,4.690125450659877,275,4.571428571428571,0.8214285714285712,7.0,9.0,2.0,43.5,47.142857142857146,3.642857142857146
18,Indianapolis Colts,Houston Texans,Houston Texans,caesars,draftkings,betway,34.999999999999964,1.684786063958299,450,5.035714285714286,-0.4642857142857144,10.5,9.785714285714286,-0.7142857142857135,39.5,37.57142857142857,-1.9285714285714306
18,Arizona Cardinals,Los Angeles Rams,Los Angeles Rams,fanduel,bet365,bet365,419.99999999999994,9.913372037392666,450,8.1,2.5999999999999996,9.5,15.928571428571429,6.428571428571429,47.5,49.142857142857146,1.642857142857146
18,Dallas Cowboys,New York Giants,New York Giants,fanduel,bet365,bet365,22.514071294559113,72.00000000000001,-260,1.5651138349780758,0.1804984503626912,-5.5,-3.5714285714285716,1.9285714285714284,52.5,50.285714285714285,-2.2142857142857153
18,Detroit Lions,Chicago Bears,Detroit Lions,betway,bet365,bet365,50.0,27.77777777777779,100,2.385714285714286,0.3857142857142861,1.5,-0.35714285714285715,-1.8571428571428572,49.5,51.285714285714285,1.7857142857142847
18,Green Bay Packers,Minnesota Vikings,Minnesota Vikings,betmgm,bet365,bet365,285.0,17.803030303030297,265,5.557142857142857,1.907142857142857,7.0,12.285714285714286,5.2857142857142865,37.5,37.0,-0.5
18,Kansas City Chiefs,Las Vegas Raiders,Las Vegas Raiders,fanduel,draftkings,draftkings,10.308215647871366,29.999999999999982,-210,1.498144995577526,0.02195451938704962,-4.5,-4.071428571428571,0.4285714285714288,35.5,35.57142857142857,0.0714285714285694
18,Miami Dolphins,New England Patriots,New England Patriots,fanduel,bet365,bet365,434.99999999999994,12.598075499629902,375,7.692857142857143,2.942857142857143,9.5,15.071428571428571,5.571428571428571,46.5,44.357142857142854,-2.142857142857146
18,New Orleans Saints,Atlanta Falcons,Atlanta Falcons,betway,bet365,bet365,67.99999999999997,22.22222222222221,125,2.6885714285714286,0.4385714285714286,2.5,3.7142857142857144,1.2142857142857144,43.5,43.5,0.0
18,New York Jets,Buffalo Bills,Buffalo Bills,bet365,si,si,25.0,2.296772230414512,550,6.371428571428572,-0.12857142857142811,13.0,13.071428571428571,0.07142857142857117,41.5,39.285714285714285,-2.2142857142857153
18,Tennessee Titans,Jacksonville Jaguars,Jacksonville Jaguars,fanduel,bet365,bet365,70.00000000000001,2.3981700118063776,500,6.385714285714286,0.3857142857142861,10.5,13.071428571428571,2.571428571428571,44.5,46.357142857142854,1.857142857142854
18,Baltimore Ravens,Pittsburgh Steelers,Pittsburgh Steelers,bet365,si,si,20.833333333333325,60.00000000000001,-160,1.4601444728822115,-0.1648555271177885,-3.0,-5.0,-2.0,43.0,41.857142857142854,-1.142857142857146
18,Los Angeles Chargers,Denver Broncos,Denver Broncos,draftkings,bet365,bet365,675.0,22.38874722096198,275,8.607142857142858,4.857142857142858,7.5,15.5,8.0,39.0,37.714285714285715,-1.2857142857142847
18,Seattle Seahawks,San Francisco 49ers,Seattle Seahawks,betway,fanduel,fanduel,7.237122179650912,11.000000000000032,-105,1.6542779551943172,-0.29810299718663513,-1.0,-2.7857142857142856,-1.7857142857142856,48.5,48.5,0.0
18,Washington Commanders,Philadelphia Eagles,Washington Commanders,bet365,si,fanduel,181.0,32.081377151799686,325,2.744285714285714,-1.5057142857142858,9.5,4.357142857142857,-5.142857142857143,38.5,38.642857142857146,0.1428571428571459
WC,Los Angeles Rams,Carolina Panthers,Los Angeles Rams,draftkings,bet365,bet365,16.214936247723124,890.0,-549,1.1498314102519613,-0.0323179522252699,-10.0,-12.714285714285714,-2.7142857142857135,46.5,45.642857142857146,-0.8571428571428541
WC,Green Bay Packers,Chicago Bears,Chicago Bears,si,bet365,bet365,78.0,1195.0,-105,1.6701501551883229,-0.28223079719262945,-1.0,-4.357142857142857,-3.3571428571428568,46.5,46.785714285714285,0.2857142857142847
WC,Buffalo Bills,Jacksonville Jaguars,Buffalo Bills,fanduel,bet365,bet365,25.04347826086959,34.24242424242425,-115,2.0427950310559004,0.17322981366459622,-1.0,-0.21428571428571427,0.7857142857142857,51.5,51.42857142857143,-0.0714285714285694
WC,San Francisco 49ers,Philadelphia Eagles,San Francisco 49ers,draftkings,fanduel,fanduel,10.999999999999988,2.553191489361706,175,2.9971428571428573,0.24714285714285733,4.0,4.857142857142857,0.8571428571428568,46.5,44.5,-2.0
WC,Los Angeles Chargers,New England Patriots,New England Patriots,betway,betway,bet365,8.000000000000007,5.29100529100528,170,2.6900000000000004,-0.009999999999999787,3.5,3.5,0.0,46.5,45.5,-1.0
WC,Houston Texans,Pittsburgh Steelers,Houston Texans,betmgm,fanduel,betway,4.166666666666652,8.999999999999986,-180,1.6424292293141012,0.0868736737585456,-2.5,-3.0,-0.5,39.5,38.42857142857143,-1.0714285714285694
DIV,Buffalo Bills,Denver Broncos,Denver Broncos,betway,betway,caesars,2.9999999999999805,6.956521739130417,-120,2.0471428571428576,0.21380952380952412,-1.5,1.5,3.0,47.0,45.357142857142854,-1.642857142857146
DIV,San Francisco 49ers,Seattle Seahawks,Seattle Seahawks,betway,caesars,caesars,39.99999999999999,5.070993914807298,270,3.4571428571428577,-0.24285714285714244,7.0,7.0,0.0,45.5,44.214285714285715,-1.2857142857142847
DIV,Houston Texans,New England Patriots,New England Patriots,fanduel,bet365,bet365,30.00000000000003,11.884550084889645,130,2.514285714285714,0.21428571428571397,2.5,3.5,1.0,41.5,41.07142857142857,-0.4285714285714306
DIV,Los Angeles Rams,Chicago Bears,Los Angeles Rams,betway,betway,si,4.464285714285721,10.999999999999988,-200,1.4909469885515183,-0.009053011448481696,-4.5,-3.7142857142857144,0.7857142857142856,50.5,49.285714285714285,-1.2142857142857153
CC,New England Patriots,Denver Broncos,New England Patriots,betway,bet365,bet365,5.0125313283207795,11.000000000000032,-250,1.4898695219881462,0.08986952198814624,-4.5,-3.5,1.0,40.5,43.07142857142857,2.5714285714285694
CC,Los Angeles Rams,Seattle Seahawks,Seattle Seahawks,betway,fanduel,si,6.00000000000005,9.96376811594204,135,2.1942857142857144,-0.1557142857142857,2.5,2.5,0.0,47.5,46.0,-1.5
SB,Seattle Seahawks,New England Patriots,Seattle Seahawks,bet365,si,betway,3.4782608695652195,10.000000000000009,-230,1.4258490815382583,-0.008933527157393817,-4.5,-4.5,0.0,46.0,45.42857142857143,-0.5714285714285694
