week,away_team,home_team,winner,away_win,polymarket_away_open,espn_away_prob,consensus_away,pm_espn_diff,pm_final_pre,pm_movement,volume_total,volume_moneyline,volume_spread,volume_totals
1,Dallas Cowboys,Philadelphia Eagles,Philadelphia Eagles,0,0.24,0.25,0.23703540202822843,-0.010000000000000009,0.205,-0.035,4374523.334209,3880647.189494,290897.81889,202978.325825
1,Kansas City Chiefs,Los Angeles Chargers,Los Angeles Chargers,0,0.605,0.6363636363636364,0.5405331296731644,-0.03136363636363637,0.605,0.0,3268723.146582,2820076.498787,307777.519294,140869.128501
1,Carolina Panthers,Jacksonville Jaguars,Jacksonville Jaguars,0,0.395,0.36363636363636365,0.3458646616541353,0.03136363636363637,0.355,-0.040000000000000036,374925.546824,312805.231762,24531.807761,37588.507301
1,Pittsburgh Steelers,New York Jets,Pittsburgh Steelers,1,0.58,0.6,0.6036587044487131,-0.020000000000000018,0.585,0.0050000000000000044,1091264.070363,1041401.351178,19546.310946,30316.408239
1,Cincinnati Bengals,Cleveland Browns,Cincinnati Bengals,1,0.695,0.6825396825396826,0.6781514116807589,0.012460317460317394,0.675,-0.019999999999999907,1575908.455093,1491654.759854,76680.607347,7573.087892
1,Miami Dolphins,Indianapolis Colts,Indianapolis Colts,0,0.475,0.5,0.49624765478424016,-0.025000000000000022,0.505,0.030000000000000027,1025219.717479,993683.847714,4704.996791,26830.872974
1,Arizona Cardinals,New Orleans Saints,Arizona Cardinals,1,0.725,0.7142857142857143,0.6940585582431943,0.010714285714285676,0.72,-0.0050000000000000044,1260953.797936,1176702.917789,56970.323716,27280.556431
1,Tampa Bay Buccaneers,Atlanta Falcons,Tampa Bay Buccaneers,1,0.55,0.5238095238095238,0.4689083526292829,0.02619047619047621,0.515,-0.03500000000000003,1280690.564508,1238681.972711,14610.54104,27398.050757
1,New York Giants,Washington Commanders,Washington Commanders,0,0.285,0.25,0.30618832921464495,0.034999999999999976,0.285,0.0,630638.11321,579061.056451,38304.908048,13272.148711
1,Las Vegas Raiders,New England Patriots,Las Vegas Raiders,1,0.415,0.46511627906976744,0.4789510006901311,-0.050116279069767455,0.44,0.025000000000000022,594489.235003,572838.549745,17100.211622,4550.473636
1,Tennessee Titans,Denver Broncos,Denver Broncos,0,0.23,0.21739130434782608,0.22797301859086755,0.012608695652173929,0.215,-0.015000000000000013,1107755.561489,1052090.30461,54318.569068,1346.687811
1,San Francisco 49ers,Seattle Seahawks,San Francisco 49ers,1,0.565,0.5555555555555556,0.5954174005542564,0.009444444444444366,0.525,-0.039999999999999925,1027755.960902,1005034.623706,21481.239158,1240.098038
1,Houston Texans,Los Angeles Rams,Los Angeles Rams,0,0.415,0.4166666666666667,0.4026894158473106,-0.0016666666666667052,0.395,-0.019999999999999962,1920217.458849,1907523.58274,9257.034605,3436.841504
1,Detroit Lions,Green Bay Packers,Detroit Lions,1,0.44,0.5121951219512195,0.4287693035660515,-0.07219512195121952,0.46,0.020000000000000018,1460253.073239,1362457.630982,77277.992341,20517.449916
1,Baltimore Ravens,Buffalo Bills,Buffalo Bills,0,0.505,0.5454545454545454,0.4972982100641676,-0.04045454545454541,0.525,0.020000000000000018,3777516.431911,3651319.460057,29485.12934,96711.842514
1,Minnesota Vikings,Chicago Bears,Minnesota Vikings,1,0.525,0.5238095238095238,0.4728321277461637,0.0011904761904761862,0.52,-0.0050000000000000044,3967676.076167,3649421.155627,83405.026692,234849.893848
2,Washington Commanders,Green Bay Packers,Green Bay Packers,0,0.395,0.7435897435897436,0.4062522733889212,-0.3485897435897436,0.375,-0.020000000000000018,3666779.063498,3048365.862455,147766.134473,470647.06657
2,Buffalo Bills,New York Jets,Buffalo Bills,1,0.775,0.2777777777777778,0.8134637568291848,0.49722222222222223,0.735,-0.040000000000000036,2367088.978143,2291423.80807,50971.223482,24693.946591
2,Chicago Bears,Detroit Lions,Detroit Lions,0,0.31,0.15384615384615385,0.30942446173361926,0.15615384615384614,0.275,-0.034999999999999976,579789.165797,558697.354017,17535.588688,3556.2230919999997
2,Cleveland Browns,Baltimore Ravens,Baltimore Ravens,0,0.125,0.38461538461538464,0.12371765800337228,-0.25961538461538464,0.12,-0.0050000000000000044,708002.05162,623847.021009,70362.518864,13792.511747
2,Jacksonville Jaguars,Cincinnati Bengals,Cincinnati Bengals,0,0.31,0.47619047619047616,0.38889760580039284,-0.16619047619047617,0.37,0.06,1206172.00747,1171955.443688,7092.2592,27124.304582
2,New England Patriots,Miami Dolphins,New England Patriots,1,0.41,0.3225806451612903,0.47139421735428577,0.08741935483870966,0.455,0.04500000000000004,658994.118101,558403.498936,43520.350029,57070.269135999995
2,New York Giants,Dallas Cowboys,Dallas Cowboys,0,0.37,0.7142857142857143,0.36057460782332384,-0.3442857142857143,0.305,-0.065,1190366.266533,1122564.265161,62841.420084,4960.581287999999
2,Los Angeles Rams,Tennessee Titans,Los Angeles Rams,1,0.69,0.4166666666666667,0.7255265704821937,0.27333333333333326,0.7,0.010000000000000009,917057.792996,890905.044976,24227.306666,1925.441354
2,Seattle Seahawks,Pittsburgh Steelers,Seattle Seahawks,1,0.43,0.6078431372549019,0.4299836155913383,-0.17784313725490192,0.39,-0.03999999999999998,1367121.958515,1311717.780102,21547.51368,33856.664733000005
2,San Francisco 49ers,New Orleans Saints,San Francisco 49ers,1,0.755,0.2777777777777778,0.6366533857647626,0.4772222222222222,0.605,-0.15000000000000002,1799338.359379,1708560.646847,88703.51999899998,2074.192533
2,Carolina Panthers,Arizona Cardinals,Arizona Cardinals,0,0.32,0.5454545454545454,0.2520865206743624,-0.2254545454545454,0.255,-0.065,1179064.899585,1155396.800395,17891.438557999998,5776.660632
2,Denver Broncos,Indianapolis Colts,Indianapolis Colts,0,0.61,0.5454545454545454,0.59834771093851,0.06454545454545457,0.535,-0.07499999999999996,2461042.530099,2444427.393175,13428.634835,3186.5020890000005
2,Philadelphia Eagles,Kansas City Chiefs,Philadelphia Eagles,1,0.49,0.40816326530612246,0.5162796456350464,0.08183673469387753,0.52,0.030000000000000027,1663996.141167,1635710.24704,23400.256177000003,4885.63795
2,Atlanta Falcons,Minnesota Vikings,Atlanta Falcons,1,0.33,0.4444444444444444,0.42243148477151193,-0.1144444444444444,0.385,0.05499999999999999,1748248.250736,1601225.044626,106363.303645,40659.90246500001
2,Tampa Bay Buccaneers,Houston Texans,Tampa Bay Buccaneers,1,0.45,0.6551724137931034,0.4557367850179318,-0.20517241379310341,0.425,-0.025000000000000022,2097288.917548,1871934.099173,133968.902776,91385.915599
2,Los Angeles Chargers,Las Vegas Raiders,Los Angeles Chargers,1,0.62,0.6551724137931034,0.6464415043781505,-0.03517241379310343,0.63,0.010000000000000009,4631803.391713,4286152.548024,311819.193913,33831.649776
3,Miami Dolphins,Buffalo Bills,Buffalo Bills,0,0.18,0.15384615384615385,0.12535783544186904,0.02615384615384614,0.125,-0.05499999999999999,3315837.668246,3020631.262628,222557.108791,72649.296827
3,Atlanta Falcons,Carolina Panthers,Carolina Panthers,0,0.58,0.7058823529411765,0.7041694260568833,-0.12588235294117656,0.685,0.1050000000000001,631612.260801,518801.480983,111679.800863,1130.978955
3,Cincinnati Bengals,Minnesota Vikings,Minnesota Vikings,0,0.46,0.425531914893617,0.4245760171335126,0.034468085106382995,0.405,-0.05499999999999999,2163719.142714,2063396.513701,99450.608813,872.0201999999999
3,Indianapolis Colts,Tennessee Titans,Indianapolis Colts,1,0.58,0.696969696969697,0.7688712643666546,-0.11696969696969706,0.655,0.07500000000000007,1684742.208059,1610982.393328,72256.488589,1503.326142
3,Green Bay Packers,Cleveland Browns,Cleveland Browns,0,0.765,0.8333333333333334,0.8140551902222951,-0.06833333333333336,0.795,0.030000000000000027,1388534.694687,1215658.401133,172845.58649000002,30.707064000000003
3,Houston Texans,Jacksonville Jaguars,Jacksonville Jaguars,0,0.49,0.4878048780487805,0.4985683312293116,0.002195121951219514,0.475,-0.015000000000000013,1716697.237796,1698882.827991,17404.369405,410.0404
3,New York Jets,Tampa Bay Buccaneers,Tampa Bay Buccaneers,0,0.32,0.2857142857142857,0.2915540158606493,0.03428571428571431,0.265,-0.05499999999999999,1236976.718542,1145475.689705,90869.212223,631.8166140000001
3,Pittsburgh Steelers,New England Patriots,Pittsburgh Steelers,1,0.55,0.5652173913043478,0.5526845919405778,-0.015217391304347738,0.535,-0.015000000000000013,1034205.088386,1003692.441236,29763.582517000003,749.064633
3,Las Vegas Raiders,Washington Commanders,Washington Commanders,0,0.265,0.43478260869565216,0.418194814157547,-0.16978260869565215,0.41,0.14499999999999996,1548154.669867,1534442.333581,11032.873073,2679.463213
3,Los Angeles Rams,Philadelphia Eagles,Philadelphia Eagles,0,0.32,0.38461538461538464,0.34525929979185754,-0.06461538461538463,0.37,0.04999999999999999,1132848.982821,1024432.319328,102572.908424,5843.755069
3,Denver Broncos,Los Angeles Chargers,Los Angeles Chargers,0,0.42,0.4444444444444444,0.4423499264617804,-0.024444444444444435,0.42,0.0,2033861.008423,1993928.145529,39923.515069,9.347825
3,New Orleans Saints,Seattle Seahawks,Seattle Seahawks,0,0.28,0.25,0.25924340097261506,0.030000000000000027,0.235,-0.04500000000000004,357359.242289,347823.17428,8476.702081,1059.3659280000002
3,Arizona Cardinals,San Francisco 49ers,San Francisco 49ers,0,0.51,0.47619047619047616,0.4950959230068169,0.033809523809523845,0.445,-0.065,2398503.097155,2381552.514667,14228.118386,2722.464102
3,Dallas Cowboys,Chicago Bears,Chicago Bears,0,0.46,0.5555555555555556,0.5672500248319399,-0.09555555555555556,0.525,0.065,1843946.399481,1808242.745681,11191.357378000002,24512.296422
3,Kansas City Chiefs,New York Giants,Kansas City Chiefs,1,0.74,0.7727272727272727,0.7468767292640435,-0.032727272727272716,0.73,-0.010000000000000009,4033426.737314,3267790.952649,741830.7985449999,23804.98612
3,Detroit Lions,Baltimore Ravens,Detroit Lions,1,0.305,0.35714285714285715,0.3483788676761027,-0.05214285714285716,0.335,0.030000000000000027,4596052.600764,4037204.542729,289626.57998800004,269221.478047
4,Seattle Seahawks,Arizona Cardinals,Seattle Seahawks,1,0.43,0.5555555555555556,0.55201107893569,-0.1255555555555556,0.525,0.09500000000000003,5210815.261503,5112503.150217,62266.709765,36045.401521
4,Minnesota Vikings,Pittsburgh Steelers,Pittsburgh Steelers,0,0.43,0.5833333333333334,0.6115250899759979,-0.15333333333333338,0.565,0.13499999999999995,2698823.584125,2300156.226514,372794.17107300006,25873.186538
4,Carolina Panthers,New England Patriots,New England Patriots,0,0.31,0.3333333333333333,0.3310922220143035,-0.023333333333333317,0.315,0.0050000000000000044,815534.85495,607662.539367,77031.069589,130841.245994
4,Cleveland Browns,Detroit Lions,Detroit Lions,0,0.185,0.2,0.20123685837971553,-0.015000000000000013,0.175,-0.010000000000000009,760579.446147,689787.884544,33112.622993,37678.93861
4,New Orleans Saints,Buffalo Bills,Buffalo Bills,0,0.085,0.1,0.11338602917550285,-0.015,0.085,0.0,1435161.806404,1245553.339702,148845.325503,40763.141199
4,Tennessee Titans,Houston Texans,Houston Texans,0,0.22,0.25,0.2612677574930769,-0.03,0.225,0.0050000000000000044,306780.4065,217335.389599,37767.788654,51677.228247
4,Philadelphia Eagles,Tampa Bay Buccaneers,Philadelphia Eagles,1,0.58,0.6610169491525424,0.6571796857218344,-0.08101694915254243,0.65,0.07000000000000006,1563356.889429,1404557.218477,104037.670271,54762.000681000005
4,Los Angeles Chargers,New York Giants,New York Giants,0,0.715,0.75,0.7037553104437333,-0.03500000000000003,0.73,0.015000000000000013,1688745.006,1508465.664231,163715.529966,16563.811803
4,Washington Commanders,Atlanta Falcons,Atlanta Falcons,0,0.52,0.47619047619047616,0.43703787698798385,0.043809523809523854,0.465,-0.05499999999999999,3154543.54843,3103373.433467,47341.115593,3828.99937
4,Indianapolis Colts,Los Angeles Rams,Los Angeles Rams,0,0.33,0.4,0.39293024181937064,-0.07,0.375,0.044999999999999984,1124287.82343,1085382.891731,31794.009898999997,7110.9218
4,Jacksonville Jaguars,San Francisco 49ers,Jacksonville Jaguars,1,0.36,0.4,0.39662105443681234,-0.040000000000000036,0.375,0.015000000000000013,1650758.921931,1622500.666387,12613.181496,15645.074048
4,Chicago Bears,Las Vegas Raiders,Chicago Bears,1,0.435,0.4878048780487805,0.47958604882679107,-0.05280487804878048,0.485,0.04999999999999999,2128288.849255,2055240.970987,45762.935658999995,27284.942609
4,Baltimore Ravens,Kansas City Chiefs,Kansas City Chiefs,0,0.59,0.6,0.624478016314751,-0.010000000000000009,0.565,-0.025000000000000022,3408241.130658,3277896.298926,63912.818948,66432.01278400002
4,Green Bay Packers,Dallas Cowboys,Green Bay Packers,1,0.7,0.7619047619047619,0.800027317206894,-0.06190476190476191,0.745,0.04500000000000004,4880619.798396,4134658.56156,671387.117876,74574.11896
4,New York Jets,Miami Dolphins,Miami Dolphins,0,0.42,0.4444444444444444,0.4374217876431436,-0.024444444444444435,0.425,0.0050000000000000044,3528001.927126,2800466.161767,310541.401123,416994.36423600005
4,Cincinnati Bengals,Denver Broncos,Denver Broncos,0,0.23,0.23809523809523808,0.23772859326455403,-0.008095238095238072,0.215,-0.015000000000000013,3259932.351141,2501690.541371,378970.252022,379271.557748
5,San Francisco 49ers,Los Angeles Rams,San Francisco 49ers,1,0.405,0.22727272727272727,0.25097797739785566,0.17772727272727276,0.275,-0.13,5107475.266507,4641709.909075,405098.41489,60666.942542
5,Minnesota Vikings,Cleveland Browns,Minnesota Vikings,1,0.69,0.6551724137931034,0.6045794525851732,0.03482758620689652,0.645,-0.04499999999999993,4429284.934169,4260464.092825,123381.507188,45439.334156
5,Dallas Cowboys,New York Jets,Dallas Cowboys,1,0.535,0.5652173913043478,0.49799106634523727,-0.03021739130434775,0.535,0.0,3338321.704291,3193942.901728,76754.109464,67624.69309900001
5,Denver Broncos,Philadelphia Eagles,Denver Broncos,1,0.315,0.36363636363636365,0.3613489952673262,-0.048636363636363644,0.325,0.010000000000000009,2470320.615983,2180162.854306,222149.42916400003,68008.332513
5,Houston Texans,Baltimore Ravens,Houston Texans,1,0.205,0.5555555555555556,0.6269017846855373,-0.3505555555555556,0.535,0.33000000000000007,1647144.997066,1426595.013717,105341.093693,115208.889656
5,Miami Dolphins,Carolina Panthers,Carolina Panthers,0,0.51,0.5454545454545454,0.5381915651161762,-0.035454545454545405,0.525,0.015000000000000013,1621476.034817,1525103.885827,5977.184836,90394.964154
5,New York Giants,New Orleans Saints,New Orleans Saints,0,0.54,0.46511627906976744,0.5438155928002522,0.0748837209302326,0.455,-0.08500000000000002,2523318.238375,2461002.433408,39281.74086900001,23034.064098
5,Las Vegas Raiders,Indianapolis Colts,Indianapolis Colts,0,0.29,0.2702702702702703,0.2756077920085896,0.019729729729729695,0.265,-0.024999999999999967,770105.637698,581524.130942,92876.653566,95704.85319
5,Tennessee Titans,Arizona Cardinals,Tennessee Titans,1,0.25,0.22727272727272727,0.2372436153948759,0.022727272727272735,0.215,-0.035,1010741.664805,919479.755106,58689.952635,32571.957064
5,Tampa Bay Buccaneers,Seattle Seahawks,Tampa Bay Buccaneers,1,0.435,0.37735849056603776,0.4243299889387758,0.057641509433962235,0.355,-0.08000000000000002,3302893.10897,3182843.13836,81933.908317,38116.062293
5,Detroit Lions,Cincinnati Bengals,Detroit Lions,1,0.755,0.8571428571428571,0.874074961791362,-0.10214285714285709,0.83,0.07499999999999996,2657626.42518,2552238.871814,91173.79945,14213.753916
5,Washington Commanders,Los Angeles Chargers,Washington Commanders,1,0.405,0.425531914893617,0.40340360580472084,-0.020531914893616998,0.4,-0.0050000000000000044,963292.834302,822866.245693,21979.289509,118447.2991
5,New England Patriots,Buffalo Bills,New England Patriots,1,0.195,0.20833333333333334,0.24572587655751957,-0.013333333333333336,0.21,0.014999999999999986,3571571.986641,3263597.64327,231838.07987200003,76136.263499
5,Kansas City Chiefs,Jacksonville Jaguars,Jacksonville Jaguars,0,0.595,0.6491228070175439,0.6633906789213088,-0.054122807017543906,0.64,0.04500000000000004,5299398.279873,4382401.971396,659702.479091,257293.829386
6,Philadelphia Eagles,New York Giants,New York Giants,0,0.77,0.8181818181818182,0.8038663717235146,-0.048181818181818215,0.775,0.0050000000000000044,6738735.829557,4367362.574114,2034647.527734,336725.727709
6,Denver Broncos,New York Jets,Denver Broncos,1,0.715,0.7916666666666666,0.7852202398389296,-0.07666666666666666,0.765,0.050000000000000044,3896260.235899,2349914.019828,1317314.848913,229031.367158
6,Cleveland Browns,Pittsburgh Steelers,Pittsburgh Steelers,0,0.295,0.30303030303030304,0.29385437809736753,-0.008030303030303054,0.285,-0.010000000000000009,894082.271828,767243.152533,98373.14963,28465.969665
6,Arizona Cardinals,Indianapolis Colts,Indianapolis Colts,0,0.345,0.2631578947368421,0.2424858601621263,0.08184210526315788,0.245,-0.09999999999999998,2854602.307771,2646755.330096,182581.567216,25265.410459
6,Dallas Cowboys,Carolina Panthers,Carolina Panthers,0,0.635,0.6363636363636364,0.6201900998024305,-0.0013636363636363447,0.605,-0.030000000000000027,2076522.585238,1706970.232477,254022.239676,115530.113085
6,Los Angeles Rams,Baltimore Ravens,Los Angeles Rams,1,0.665,0.8,0.7578941789143343,-0.135,0.775,0.10999999999999999,3569097.425771,3012129.471605,474249.183305,82718.770861
6,Los Angeles Chargers,Miami Dolphins,Los Angeles Chargers,1,0.695,0.6666666666666666,0.6533266664197439,0.02833333333333332,0.645,-0.04999999999999993,1200434.567259,911545.113355,210171.951191,78717.502713
6,Seattle Seahawks,Jacksonville Jaguars,Seattle Seahawks,1,0.485,0.5238095238095238,0.5422594172159457,-0.03880952380952385,0.505,0.020000000000000018,1051311.198729,997021.355061,13121.271084,41168.572584
6,San Francisco 49ers,Tampa Bay Buccaneers,Tampa Bay Buccaneers,0,0.5,0.425531914893617,0.4020142469943443,0.07446808510638298,0.375,-0.125,2899698.697849,2675890.223089,152624.410968,71184.063792
6,Tennessee Titans,Las Vegas Raiders,Las Vegas Raiders,0,0.28,0.3389830508474576,0.37241493745396614,-0.058983050847457585,0.335,0.05499999999999999,941670.351672,832914.270669,88958.717577,19797.363426
6,Cincinnati Bengals,Green Bay Packers,Green Bay Packers,0,0.115,0.1111111111111111,0.13917447958048623,0.0038888888888889,0.105,-0.010000000000000009,2376954.89276,2157869.260477,181125.087348,37960.544935
6,New England Patriots,New Orleans Saints,New England Patriots,1,0.625,0.6491228070175439,0.6502627105587032,-0.02412280701754388,0.635,0.010000000000000009,1934848.603689,1776522.108264,133439.803632,24886.691793
6,Detroit Lions,Kansas City Chiefs,Kansas City Chiefs,0,0.485,0.47619047619047616,0.45360575468309217,0.008809523809523823,0.445,-0.03999999999999998,5111194.74836,4280276.047316,360098.31559099996,470820.385453
6,Buffalo Bills,Atlanta Falcons,Atlanta Falcons,0,0.655,0.6825396825396826,0.6728362418473469,-0.02753968253968253,0.655,0.0,4177282.911487,3643548.74711,209108.164156,324626.000221
6,Chicago Bears,Washington Commanders,Chicago Bears,1,0.345,0.3389830508474576,0.3267062500705528,0.006016949152542361,0.325,-0.019999999999999962,4656652.798948,3291518.748828,1241495.515455,123638.534665
7,Pittsburgh Steelers,Cincinnati Bengals,Cincinnati Bengals,0,0.675,0.7058823529411765,0.7110800386541791,-0.030882352941176472,0.7,0.02499999999999991,8780037.178123,6753083.745403,1808268.106896,218685.32582400003
7,Los Angeles Rams,Jacksonville Jaguars,Los Angeles Rams,1,0.605,0.6296296296296297,0.6296183705745346,-0.024629629629629668,0.605,0.0,2816923.254072,2373728.733534,320484.765622,122709.754916
7,Carolina Panthers,New York Jets,Carolina Panthers,1,0.455,0.5555555555555556,0.5199232686422685,-0.10055555555555556,0.515,0.06,2752357.831273,2662479.954658,34399.151134,55478.725481
7,Miami Dolphins,Cleveland Browns,Cleveland Browns,0,0.405,0.4444444444444444,0.454861391196795,-0.03944444444444439,0.425,0.019999999999999962,2762763.584011,2327628.823444,170023.849058,265110.911509
7,New Orleans Saints,Chicago Bears,Chicago Bears,0,0.305,0.3333333333333333,0.3590017605258155,-0.02833333333333332,0.325,0.020000000000000018,1300213.340408,920413.145072,337722.360337,42077.834999
7,New England Patriots,Tennessee Titans,New England Patriots,1,0.705,0.7619047619047619,0.744990845014524,-0.0569047619047619,0.745,0.040000000000000036,2539888.192627,2240434.585872,270677.628669,28775.978086
7,Philadelphia Eagles,Minnesota Vikings,Philadelphia Eagles,1,0.555,0.574468085106383,0.5933447917430336,-0.019468085106382982,0.545,-0.010000000000000009,2575182.654979,2339358.261417,205094.872696,30729.520866
7,Las Vegas Raiders,Kansas City Chiefs,Kansas City Chiefs,0,0.175,0.14285714285714285,0.14540304416080813,0.03214285714285714,0.125,-0.04999999999999999,3908898.527666,3685622.015244,174681.933318,48594.579104
7,Indianapolis Colts,Los Angeles Chargers,Indianapolis Colts,1,0.51,0.47619047619047616,0.4598188102526897,0.033809523809523845,0.455,-0.05499999999999999,3395467.118822,3224126.846856,111880.638777,59459.633189
7,New York Giants,Denver Broncos,Denver Broncos,0,0.255,0.25,0.22661834289741264,0.0050000000000000044,0.235,-0.020000000000000018,3484321.324211,3171107.479897,229873.872412,83339.971902
7,Green Bay Packers,Arizona Cardinals,Green Bay Packers,1,0.68,0.7619047619047619,0.7674583212948,-0.08190476190476181,0.755,0.07499999999999996,3136635.500651,2693913.764893,369028.413514,73693.322244
7,Washington Commanders,Dallas Cowboys,Dallas Cowboys,0,0.555,0.5555555555555556,0.5052366293427151,-0.0005555555555555314,0.485,-0.07000000000000006,2982982.759089,2507702.569321,208017.15549,267263.034278
7,Atlanta Falcons,San Francisco 49ers,San Francisco 49ers,0,0.355,0.46511627906976744,0.5045087802562885,-0.11011627906976745,0.455,0.10000000000000003,6488952.882381,5648468.771621,556228.199519,284255.911241
7,Tampa Bay Buccaneers,Detroit Lions,Detroit Lions,0,0.355,0.3225806451612903,0.3118879293538813,0.03241935483870967,0.285,-0.07,8463936.262525,7448884.410265,573141.0384,441910.81386
7,Houston Texans,Seattle Seahawks,Seattle Seahawks,0,0.39,0.39215686274509803,0.4148957719733856,-0.0021568627450980205,0.375,-0.015000000000000013,4375501.387289,3809847.017562,373603.321495,192051.04823199997
8,Minnesota Vikings,Los Angeles Chargers,Los Angeles Chargers,0,0.415,0.40816326530612246,0.40367668104797744,0.006836734693877522,0.365,-0.04999999999999999,4960583.770351,3781473.018304,484515.745672,694595.006375
8,Buffalo Bills,Carolina Panthers,Buffalo Bills,1,0.405,0.8,0.8011540866848545,-0.395,0.775,0.37,1438087.48867,1244144.664891,159792.517615,32911.787647
8,Chicago Bears,Baltimore Ravens,Baltimore Ravens,0,0.295,0.29411764705882354,0.45999024297375124,0.0008823529411764452,0.255,-0.03999999999999998,4809307.090141,4476780.028039,218076.502629,112440.579273
8,Cleveland Browns,New England Patriots,New England Patriots,0,0.265,0.25,0.26140855365462307,0.015000000000000013,0.235,-0.030000000000000027,1316993.304137,943116.689119,238616.041567,132900.533451
8,Miami Dolphins,Atlanta Falcons,Miami Dolphins,1,0.315,0.22727272727272727,0.31667277950975,0.08772727272727274,0.215,-0.1,3159511.014177,2017750.966718,1104382.750109,36577.30725
8,New York Giants,Philadelphia Eagles,Philadelphia Eagles,0,0.585,0.2631578947368421,0.24741904149035607,0.3218421052631579,0.245,-0.33999999999999997,2168916.6744,1474535.409996,484697.889326,205328.605849
8,New York Jets,Cincinnati Bengals,New York Jets,1,0.375,0.2857142857142857,0.335719559141486,0.0892857142857143,0.275,-0.09999999999999998,4195358.668018,3421978.721615,541773.6199009999,228819.726402
8,San Francisco 49ers,Houston Texans,Houston Texans,0,0.465,0.4878048780487805,0.4384084607891016,-0.022804878048780453,0.455,-0.010000000000000009,3783006.218307,3067969.538678,483830.273183,229007.406446
8,Tampa Bay Buccaneers,New Orleans Saints,Tampa Bay Buccaneers,1,0.675,0.6774193548387096,0.6848036816329257,-0.0024193548387095865,0.655,-0.020000000000000018,2465071.305441,1849557.698,513758.4746010001,99993.079674
8,Dallas Cowboys,Denver Broncos,Denver Broncos,0,0.345,0.40816326530612246,0.3741185589393761,-0.06316326530612248,0.375,0.030000000000000027,3724315.471164,3235924.270358,347801.92431699997,136757.14615
8,Tennessee Titans,Indianapolis Colts,Indianapolis Colts,0,0.545,0.1,0.11086691086691085,0.44500000000000006,0.095,-0.45000000000000007,2689170.382208,2011801.408812,654320.88957,21679.934059000003
8,Green Bay Packers,Pittsburgh Steelers,Green Bay Packers,1,0.61,0.6226415094339622,0.6055087378210177,-0.01264150943396225,0.595,-0.015000000000000013,4834699.640198,4023055.752046,440899.8552709999,369186.003048
8,Washington Commanders,Kansas City Chiefs,Kansas City Chiefs,0,0.175,0.14285714285714285,0.21048551172774774,0.03214285714285714,0.145,-0.03,6466996.029342,3672867.621156,2402677.712342,390068.956073
9,Baltimore Ravens,Miami Dolphins,Baltimore Ravens,1,0.5,0.8095238095238095,0.8207612334834439,-0.30952380952380953,0.785,0.28500000000000003,7029706.406388,4251695.501825,2408762.278988,355363.57018700003
9,Atlanta Falcons,New England Patriots,New England Patriots,0,0.42,0.3333333333333333,0.3387369851070085,0.08666666666666667,0.315,-0.10499999999999998,1519616.463671,1128270.717276,368973.279615,18223.594585
9,Carolina Panthers,Green Bay Packers,Carolina Panthers,1,0.53,0.125,0.14877090417891445,0.405,0.115,-0.41500000000000004,1692509.644461,1271088.369269,280962.654039,136921.895453
9,Chicago Bears,Cincinnati Bengals,Chicago Bears,1,0.52,0.6226415094339622,0.5680599210010975,-0.10264150943396222,0.585,0.06499999999999995,2325408.751744,1704866.91405,150361.956382,466276.560081
9,Indianapolis Colts,Pittsburgh Steelers,Pittsburgh Steelers,0,0.6,0.6296296296296297,0.6216931216931217,-0.029629629629629672,0.615,0.015000000000000013,4376999.355103,3912282.925552,392579.281618,64173.671301999995
9,Denver Broncos,Houston Texans,Denver Broncos,1,0.51,0.4878048780487805,0.5004323731049091,0.022195121951219532,0.455,-0.05499999999999999,3276431.16436,3064084.6384570003,41264.079576,156472.493784
9,Minnesota Vikings,Detroit Lions,Minnesota Vikings,1,0.565,0.20833333333333334,0.21547187252366348,0.3566666666666666,0.19,-0.37499999999999994,3905291.831599,3425395.858356,415864.561798,53431.924169000005
9,Los Angeles Chargers,Tennessee Titans,Los Angeles Chargers,1,0.435,0.8571428571428571,0.8513757135621555,-0.4221428571428571,0.825,0.38999999999999996,2596037.322102,2280157.733631,211088.808099,97705.835974
9,San Francisco 49ers,New York Giants,San Francisco 49ers,1,0.59,0.5918367346938775,0.5881579139239069,-0.001836734693877573,0.575,-0.015000000000000013,2134252.854157,1523916.461888,274848.64911,330426.771426
9,Jacksonville Jaguars,Las Vegas Raiders,Jacksonville Jaguars,1,0.59,0.6078431372549019,0.5787884157774015,-0.017843137254901942,0.565,-0.025000000000000022,1796918.090663,1496987.1652600002,237317.37485100003,57275.926838
9,New Orleans Saints,Los Angeles Rams,Los Angeles Rams,0,0.525,0.1111111111111111,0.1120837070005868,0.4138888888888889,0.105,-0.42000000000000004,1488907.028029,1301257.834511,149643.985678,32166.79198
9,Kansas City Chiefs,Buffalo Bills,Buffalo Bills,0,0.53,0.574468085106383,0.5820404611315657,-0.044468085106383004,0.555,0.025000000000000022,6554207.474391,5337274.0617,71380.777256,1141319.4177559998
9,Seattle Seahawks,Washington Commanders,Seattle Seahawks,1,0.58,0.6226415094339622,0.5976501504360742,-0.04264150943396228,0.595,0.015000000000000013,6457260.183301,5237696.516094,798462.879956,405944.3366240001
9,Arizona Cardinals,Dallas Cowboys,Arizona Cardinals,1,0.405,0.4444444444444444,0.4002157553994116,-0.03944444444444439,0.385,-0.020000000000000018,8754905.921919,6772205.516335,1522775.96195,435496.451311
10,Las Vegas Raiders,Denver Broncos,Denver Broncos,0,0.27,0.22727272727272727,0.2196669631611891,0.04272727272727275,0.195,-0.07500000000000001,8101545.161545,4191287.694411,3719074.561427,170535.53144599998
10,Atlanta Falcons,Indianapolis Colts,Indianapolis Colts,0,0.275,0.2857142857142857,0.29437356246504887,-0.010714285714285676,0.275,0.0,1971053.883451,1476334.702131,423984.721577,55964.688348
10,Buffalo Bills,Miami Dolphins,Miami Dolphins,0,0.775,0.875,0.819417749381339,-0.09999999999999998,0.82,0.04499999999999993,2842583.781596,2583293.981696,202567.4344,46325.977759
10,Cleveland Browns,New York Jets,New York Jets,0,0.46,0.574468085106383,0.5546939074016998,-0.11446808510638301,0.545,0.08500000000000002,1368043.065363,1122662.469364,61250.210787,161914.120388
10,Jacksonville Jaguars,Houston Texans,Houston Texans,0,0.42,0.5348837209302325,0.50086903474821,-0.11488372093023252,0.495,0.07500000000000001,3553608.495985,2823198.410972,633028.133546,58972.123201
10,New Orleans Saints,Carolina Panthers,New Orleans Saints,1,0.38,0.3333333333333333,0.3296889860613495,0.04666666666666669,0.315,-0.065,1239874.670312,995434.37118,159309.23184099997,70324.997479
10,New England Patriots,Tampa Bay Buccaneers,New England Patriots,1,0.415,0.4444444444444444,0.44732089963085403,-0.02944444444444444,0.435,0.020000000000000018,925062.156908,797545.355155,69997.940083,39974.765791
10,New York Giants,Chicago Bears,Chicago Bears,0,0.39,0.3448275862068966,0.3633807233256166,0.04517241379310344,0.335,-0.05499999999999999,1711723.529824,1396521.48422,226587.984044,68368.689194
10,Baltimore Ravens,Minnesota Vikings,Baltimore Ravens,1,0.665,0.7058823529411765,0.6914527464653066,-0.04088235294117648,0.655,-0.010000000000000009,2059508.111401,1329167.052788,683649.925856,23427.820964
10,Arizona Cardinals,Seattle Seahawks,Seattle Seahawks,0,0.32,0.2631578947368421,0.22812863266579547,0.056842105263157916,0.255,-0.065,2879909.745465,2238500.660885,520290.937953,103932.334705
10,Detroit Lions,Washington Commanders,Detroit Lions,1,0.65,0.8181818181818182,0.7960245829703957,-0.1681818181818182,0.795,0.14500000000000002,3731126.200155,3224803.827849,429676.019839,69380.703554
10,Los Angeles Rams,San Francisco 49ers,Los Angeles Rams,1,0.61,0.7058823529411765,0.7020281105930454,-0.09588235294117653,0.675,0.06500000000000006,1688646.415642,1402992.64013,235487.524377,39994.556235
10,Pittsburgh Steelers,Los Angeles Chargers,Los Angeles Chargers,0,0.36,0.43478260869565216,0.3916754212963704,-0.07478260869565218,0.425,0.065,4933607.254615,3747961.778855,1045001.100574,125444.947494
10,Philadelphia Eagles,Green Bay Packers,Philadelphia Eagles,1,0.44,0.5,0.5328170794009303,-0.06,0.485,0.044999999999999984,8777252.747376,8145686.342001,138456.430859,470661.86894
11,New York Jets,New England Patriots,New England Patriots,0,0.545,0.125,0.1521194721625756,0.42000000000000004,0.145,-0.4,5900023.132886,5169094.711053,409069.007721,292318.23795700003
11,Washington Commanders,Miami Dolphins,Miami Dolphins,0,0.54,0.46511627906976744,0.4618792078589577,0.0748837209302326,0.425,-0.11500000000000005,4386874.354263,3512115.610507,821908.616865,48661.433765
11,Carolina Panthers,Atlanta Falcons,Carolina Panthers,1,0.395,0.37037037037037035,0.369895538168583,0.024629629629629668,0.355,-0.040000000000000036,1661241.716245,1369105.323557,150626.832852,124407.664601
11,Chicago Bears,Minnesota Vikings,Chicago Bears,1,0.425,0.43478260869565216,0.4488095016911694,-0.009782608695652173,0.415,-0.010000000000000009,2180382.28753,1930144.365278,184096.452985,60331.536275
11,Cincinnati Bengals,Pittsburgh Steelers,Pittsburgh Steelers,0,0.335,0.3333333333333333,0.3290515007500178,0.0016666666666667052,0.31,-0.025000000000000022,514893.3212,336715.122668,108353.396258,60087.335816
11,Green Bay Packers,New York Giants,Green Bay Packers,1,0.715,0.782608695652174,0.7861605300741317,-0.06760869565217398,0.755,0.040000000000000036,2243518.533847,1956623.732287,169200.940204,106741.920675
11,Houston Texans,Tennessee Titans,Houston Texans,1,0.755,0.7222222222222222,0.7523668478555697,0.032777777777777795,0.705,-0.050000000000000044,4091304.365287,3920016.854588,140067.552498,30249.999681
11,Los Angeles Chargers,Jacksonville Jaguars,Jacksonville Jaguars,0,0.53,0.6226415094339622,0.5889895778808645,-0.09264150943396221,0.585,0.05499999999999994,1823560.596503,1380719.233448,402259.148122,28094.894933
11,Tampa Bay Buccaneers,Buffalo Bills,Buffalo Bills,0,0.33,0.30303030303030304,0.2998302300575471,0.026969696969696977,0.295,-0.03500000000000003,1400133.097679,1253772.093525,77892.466225,35039.823906
11,Seattle Seahawks,Los Angeles Rams,Los Angeles Rams,0,0.435,0.4,0.4087885431027339,0.034999999999999976,0.385,-0.04999999999999999,1370889.071091,1254681.9375210002,64718.108124000006,48092.046971
11,San Francisco 49ers,Arizona Cardinals,San Francisco 49ers,1,0.535,0.6551724137931034,0.6394574564408073,-0.1201724137931034,0.605,0.06999999999999995,1567295.697671,1200500.5042609998,287378.51272,74721.67537
11,Kansas City Chiefs,Denver Broncos,Denver Broncos,0,0.635,0.6923076923076923,0.6725827123302149,-0.05730769230769228,0.665,0.030000000000000027,2504925.292609,2178868.809789,257515.53192,60071.554972
11,Baltimore Ravens,Cleveland Browns,Baltimore Ravens,1,0.775,0.8181818181818182,0.8143303786160929,-0.04318181818181821,0.795,0.020000000000000018,2505906.90749,1245399.627774,1177560.08405,79096.756866
11,Detroit Lions,Philadelphia Eagles,Philadelphia Eagles,0,0.475,0.4444444444444444,0.4662694331481302,0.030555555555555558,0.435,-0.03999999999999998,3970041.084221,3426511.8258990003,384219.560873,148246.26248900002
11,Dallas Cowboys,Las Vegas Raiders,Dallas Cowboys,1,0.635,0.6551724137931034,0.6423901925770988,-0.020172413793103416,0.635,0.0,11041811.66565,3586107.711115,6716976.746964,705519.277352
12,Buffalo Bills,Houston Texans,Houston Texans,0,0.5,0.7333333333333333,0.6954266673141245,-0.23333333333333328,0.465,-0.034999999999999976,9515737.331838,4918941.925353,4104546.890678,463342.742546
12,Indianapolis Colts,Kansas City Chiefs,Kansas City Chiefs,0,0.49,0.37735849056603776,0.352275564389902,0.11264150943396223,0.5,0.010000000000000009,8769758.99695,7816007.126410999,864850.234263,85950.95313999998
12,Minnesota Vikings,Green Bay Packers,Green Bay Packers,0,0.5,0.30303030303030304,0.302623587144189,0.19696969696969696,0.505,0.0050000000000000044,1158947.406765,884118.030657,244238.938261,26706.278742
12,New England Patriots,Cincinnati Bengals,New England Patriots,1,0.51,0.7368421052631579,0.7810275307264697,-0.22684210526315784,0.57,0.05999999999999994,3457370.88233,2825287.5985939996,525747.021444,95827.353265
12,New York Giants,Detroit Lions,Detroit Lions,0,0.5,0.17391304347826086,0.13165325036045275,0.32608695652173914,0.535,0.03500000000000003,4509897.896039,2144532.61111,2191218.960405,172091.41189400002
12,New York Jets,Baltimore Ravens,Baltimore Ravens,0,0.505,0.1,0.12044064937803078,0.405,0.185,-0.32,1328420.905773,971345.089245,339060.316432,16609.500096
12,Pittsburgh Steelers,Chicago Bears,Chicago Bears,0,0.51,0.45454545454545453,0.450304077239191,0.05545454545454548,0.535,0.025000000000000022,1568538.828189,1277770.592893,269259.998527,19082.645962
12,Seattle Seahawks,Tennessee Titans,Seattle Seahawks,1,0.5,0.9230769230769231,0.8968596915330757,-0.42307692307692313,0.8,0.30000000000000004,2016110.203769,1169261.032504,748715.171524,75315.92274000001
12,Cleveland Browns,Las Vegas Raiders,Cleveland Browns,1,0.49,0.37735849056603776,0.41681631660237484,0.11264150943396223,0.46,-0.02999999999999997,2262965.668495,1869802.312311,312911.496335,78092.288422
12,Jacksonville Jaguars,Arizona Cardinals,Jacksonville Jaguars,1,0.5,0.6226415094339622,0.5582930419288835,-0.12264150943396224,0.515,0.015000000000000013,1270983.544413,1116143.257797,120411.310413,29018.976203
12,Atlanta Falcons,New Orleans Saints,Atlanta Falcons,1,0.5,0.46511627906976744,0.541929028595222,0.034883720930232565,0.625,0.125,3234441.805099,3091005.671174,127823.849253,9270.839846
12,Philadelphia Eagles,Dallas Cowboys,Dallas Cowboys,0,0.495,0.6491228070175439,0.620949360249524,-0.15412280701754388,0.68,0.18500000000000005,5961864.683554,5684201.501369,186091.861983,79668.92629999999
12,Tampa Bay Buccaneers,Los Angeles Rams,L.A. Rams,0,0.495,0.2702702702702703,0.2635430046144332,0.2247297297297297,0.51,0.015000000000000013,6374723.695787,4697367.53227,660106.689705,998823.419761
12,Carolina Panthers,San Francisco 49ers,San Francisco 49ers,0,0.245,0.2564102564102564,0.2562582279055279,-0.011410256410256392,0.245,0.0,6973847.123658,5106308.420802999,1218146.121468,637485.177091
13,Green Bay Packers,Detroit Lions,Green Bay Packers,1,0.44,0.4166666666666667,0.4261154737658733,0.023333333333333317,0.425,-0.015000000000000013,7817907.515609,6700201.131686,693107.332971,418306.527205
13,Kansas City Chiefs,Dallas Cowboys,Dallas Cowboys,0,0.615,0.6503496503496503,0.6509813078567774,-0.03534965034965032,0.625,0.010000000000000009,11317955.409702,7238354.359456,3211592.306035,862464.2390260001
13,Cincinnati Bengals,Baltimore Ravens,Cincinnati Bengals,1,0.265,0.25,0.22735608951636826,0.015000000000000013,0.26,-0.0050000000000000044,11341196.427486,8891426.624391,2022872.801854,409629.4725130001
13,Chicago Bears,Philadelphia Eagles,Chicago Bears,1,0.26,0.2702702702702703,0.2645898583259433,-0.010270270270270276,0.255,-0.0050000000000000044,6641544.514277,5546098.352124,914312.200516,176538.552359
13,Atlanta Falcons,New York Jets,New York Jets,0,0.56,0.5918367346938775,0.6143743279444165,-0.03183673469387749,0.575,0.014999999999999902,1572104.903265,1141662.838544,338652.805518,81297.348743
13,Arizona Cardinals,Tampa Bay Buccaneers,Tampa Bay Buccaneers,0,0.42,0.4444444444444444,0.35739955992163824,-0.024444444444444435,0.36,-0.06,2810123.205989,1478952.8015770002,1040134.889547,285009.874038
13,Houston Texans,Indianapolis Colts,Houston Texans,1,0.325,0.36363636363636365,0.4117032458660561,-0.038636363636363635,0.375,0.04999999999999999,2826299.792355,2346314.670659,435301.941531,40443.146576
13,Jacksonville Jaguars,Tennessee Titans,Jacksonville Jaguars,1,0.75,0.7435897435897436,0.7440489952980858,0.0064102564102563875,0.735,-0.015000000000000013,2425204.416058,912331.522999,1415871.8307959998,86419.81828899999
13,New Orleans Saints,Miami Dolphins,Miami Dolphins,0,0.28,0.3076923076923077,0.3317603913585612,-0.027692307692307683,0.305,0.024999999999999967,1754629.912365,748862.540874,979994.492735,18803.383068000003
13,Los Angeles Rams,Carolina Panthers,Carolina Panthers,0,0.48,0.8823529411764706,0.8454613925452962,-0.4023529411764706,0.72,0.24,4878909.420515,4301047.749367001,538020.1970869999,30552.280294
13,San Francisco 49ers,Cleveland Browns,San Francisco 49ers,1,0.635,0.7058823529411765,0.725514352460664,-0.07088235294117651,0.685,0.050000000000000044,3269821.784972,1944538.380025,1248931.2572930004,71058.13953799999
13,Minnesota Vikings,Seattle Seahawks,Seattle Seahawks,0,0.18,0.17391304347826086,0.1646674611923018,0.006086956521739129,0.135,-0.044999999999999984,4615485.493197,3856333.589069,616914.736,137053.157564
13,Buffalo Bills,Pittsburgh Steelers,Buffalo Bills,1,0.65,0.6491228070175439,0.6391604764910291,0.0008771929824561431,0.625,-0.025000000000000022,5272844.144533,4604127.931214,431846.769192,230687.53808
13,Las Vegas Raiders,Los Angeles Chargers,Los Angeles Chargers,0,0.185,0.2,0.1991459787378155,-0.015000000000000013,0.185,0.0,1257173.18629,945894.995823,252407.038405,53293.937802
13,Denver Broncos,Washington Commanders,Denver Broncos,1,0.735,0.7435897435897436,0.7493389497949182,-0.008589743589743626,0.705,-0.030000000000000027,6774278.116747,4613790.719633999,1792604.2719799995,348815.169802
13,New York Giants,New England Patriots,New England Patriots,0,0.23,0.23809523809523808,0.25079976363673406,-0.008095238095238072,0.24,0.009999999999999981,10781557.388367,6985504.333291,2863953.91136,914413.88392
14,Dallas Cowboys,Detroit Lions,Detroit Lions,0,0.265,0.40816326530612246,0.38934734511883173,-0.14316326530612244,0.405,0.14,15230510.014833,10694807.690485,3867712.092763,641019.129892
14,Chicago Bears,Green Bay Packers,Green Bay Packers,0,0.32,0.2702702702702703,0.2819427669005957,0.04972972972972972,0.265,-0.05499999999999999,4147695.824435,3619487.395615,380464.25379,145199.35621300002
14,Indianapolis Colts,Jacksonville Jaguars,Jacksonville Jaguars,0,0.5,0.5555555555555556,0.5906855458532333,-0.05555555555555558,0.545,0.04500000000000004,3782770.47824,2574679.130849,1105818.330619,98904.791801
14,Miami Dolphins,New York Jets,Miami Dolphins,1,0.68,0.6078431372549019,0.5959389900353383,0.07215686274509814,0.575,-0.1050000000000001,1663335.635021,1167250.0722750002,396283.666662,98678.532449
14,New Orleans Saints,Tampa Bay Buccaneers,New Orleans Saints,1,0.32,0.22727272727272727,0.24146259005312756,0.09272727272727274,0.205,-0.11500000000000002,1385765.629916,1122556.4309009998,205561.91790800003,56999.526724
14,Tennessee Titans,Cleveland Browns,Tennessee Titans,1,0.32,0.35714285714285715,0.37422967949580166,-0.037142857142857144,0.355,0.034999999999999976,1460716.000995,941776.705635,401542.722046,111583.182314
14,Pittsburgh Steelers,Baltimore Ravens,Pittsburgh Steelers,1,0.5,0.3225806451612903,0.3121912419745564,0.1774193548387097,0.295,-0.20500000000000002,3090906.668676,1899718.969521,1080514.17138,94817.771416
14,Seattle Seahawks,Atlanta Falcons,Seattle Seahawks,1,0.5,0.7802197802197802,0.7706287262338318,-0.2802197802197802,0.755,0.255,5856823.488402,3611240.975121,2072932.979475,161773.25374
14,Washington Commanders,Minnesota Vikings,Minnesota Vikings,0,0.495,0.47619047619047616,0.5158051193573853,0.01880952380952383,0.53,0.03500000000000003,2263500.949868,2131437.212171,96139.19405,34305.361831999995
14,Denver Broncos,Las Vegas Raiders,Denver Broncos,1,0.68,0.803921568627451,0.8165191708066718,-0.12392156862745096,0.785,0.10499999999999998,3116835.258873,1679581.725329,1380756.2464919998,53815.852393
14,Cincinnati Bengals,Buffalo Bills,Buffalo Bills,0,0.51,0.3125,0.30240406359809346,0.1975,0.425,-0.08500000000000002,1803753.470382,1279750.5858820002,317244.53083500004,201227.246442
14,Los Angeles Rams,Arizona Cardinals,Los Angeles Rams,1,0.5,0.8198198198198198,0.8345204701136905,-0.3198198198198198,0.79,0.29000000000000004,4788147.901287,2069223.303571,2631511.734209,85264.86350699999
14,Houston Texans,Kansas City Chiefs,Houston Texans,1,0.63,0.4,0.35038591964311433,0.22999999999999998,0.365,-0.265,8981769.885998,5389423.980631,3236608.0670179995,338581.51630699995
14,Philadelphia Eagles,Los Angeles Chargers,Los Angeles Chargers,0,0.51,0.5967741935483871,0.5408737391975665,-0.08677419354838711,0.535,0.025000000000000022,9630935.699879,7942017.924149,1039571.4801830002,339583.216267
15,Atlanta Falcons,Tampa Bay Buccaneers,Atlanta Falcons,1,0.5,0.3389830508474576,0.29571158864327746,0.1610169491525424,0.325,-0.175,6496275.828598,2994225.6789740003,3258998.0438560005,213292.126418
15,Buffalo Bills,New England Patriots,Buffalo Bills,1,0.52,0.5454545454545454,0.5700990899391948,-0.025454545454545396,0.45,-0.07,5552244.111449,5200438.354705,205304.84668,137865.857755
15,Cleveland Browns,Chicago Bears,Chicago Bears,0,0.485,0.23255813953488372,0.24618928129359446,0.2524418604651163,0.37,-0.11499999999999999,2240611.635721,1688122.95067,434194.785916,112888.424939
15,Arizona Cardinals,Houston Texans,Houston Texans,0,0.5,0.19047619047619047,0.20266263627608166,0.30952380952380953,0.185,-0.315,1320324.516076,896631.927821,378724.338122,39453.12259100001
15,New York Jets,Jacksonville Jaguars,Jacksonville Jaguars,0,0.49,0.14285714285714285,0.14199207696661006,0.34714285714285714,0.505,0.015000000000000013,2120160.3697,1385924.8219239998,665242.0141350001,61314.496763
15,Las Vegas Raiders,Philadelphia Eagles,Philadelphia Eagles,0,0.485,0.1694915254237288,0.14576154949429077,0.3155084745762712,0.515,0.030000000000000027,1394640.664032,973116.671213,253681.974116,164317.96751400002
15,Baltimore Ravens,Cincinnati Bengals,Baltimore Ravens,1,0.5,0.574468085106383,0.623394584651743,-0.07446808510638303,0.585,0.08499999999999996,1166736.309748,832604.900608,203476.236329,125223.722372
15,Los Angeles Chargers,Kansas City Chiefs,Los Angeles Chargers,1,0.49,0.32786885245901637,0.3105143029802549,0.16213114754098362,0.425,-0.065,2204526.402614,1802229.184839,281107.1733409999,115077.479135
15,Washington Commanders,New York Giants,Washington Commanders,1,0.505,0.45454545454545453,0.4921621898553739,0.050454545454545474,0.42,-0.08500000000000002,2099831.666853,1781361.919167,203364.027633,109107.42749799998
15,Carolina Panthers,New Orleans Saints,New Orleans Saints,0,0.49,0.5867768595041323,0.5872816698269024,-0.09677685950413228,0.53,0.040000000000000036,1868773.543365,1184207.899817,559685.162555,117205.713601
15,Indianapolis Colts,Seattle Seahawks,Seattle Seahawks,0,0.52,0.12903225806451613,0.18541883273466347,0.3909677419354839,0.5,-0.020000000000000018,3823665.259001,2849566.905956,901409.705834,67736.324972
15,Detroit Lions,Los Angeles Rams,Los Angeles Rams,0,0.52,0.3225806451612903,0.3323981944617733,0.1974193548387097,0.36,-0.16000000000000003,2274488.857671,1185525.55508,809158.761435,271257.788528
15,Green Bay Packers,Denver Broncos,Denver Broncos,0,0.49,0.574468085106383,0.5432872555132225,-0.08446808510638304,0.52,0.030000000000000027,5117666.734516,4874755.723928,216614.440642,18152.312315000003
15,Tennessee Titans,San Francisco 49ers,San Francisco 49ers,0,0.475,0.13793103448275862,0.13419570922341553,0.33706896551724136,0.5,0.025000000000000022,1152745.678323,840555.284157,274238.81703000003,29165.753742
15,Minnesota Vikings,Dallas Cowboys,Minnesota Vikings,1,0.485,0.3125,0.33190583649664124,0.1725,0.425,-0.06,4546198.242041,2761023.77964,1403169.76758,371144.869694
15,Miami Dolphins,Pittsburgh Steelers,Pittsburgh Steelers,0,0.52,0.40816326530612246,0.39339744438434937,0.11183673469387756,0.4,-0.12,7617603.407805,4125981.764169,3208609.8651480004,276984.09970400005
16,Los Angeles Rams,Seattle Seahawks,Seattle Seahawks,0,0.595,0.47619047619047616,0.4890637260194559,0.11880952380952381,0.505,-0.08999999999999997,9662211.06018,6777662.292579999,1108752.881158,1766571.909791
16,Green Bay Packers,Chicago Bears,Chicago Bears,0,0.505,0.5,0.5203473174977643,0.0050000000000000044,0.475,-0.030000000000000027,6654729.314629,6331981.721004,147171.238076,163022.319811
16,Philadelphia Eagles,Washington Commanders,Philadelphia Eagles,1,0.51,0.782608695652174,0.7741863717264176,-0.27260869565217394,0.665,0.15500000000000003,7054049.225072,5401309.755063,1394147.148377,243459.605875
16,Buffalo Bills,Cleveland Browns,Buffalo Bills,1,0.5,0.8666666666666667,0.8530657733212449,-0.3666666666666667,0.73,0.22999999999999998,3011510.178522,2691796.021037,234176.716642,65807.498995
16,Kansas City Chiefs,Tennessee Titans,Tennessee Titans,0,0.51,0.6183206106870229,0.6713797138484175,-0.10832061068702292,0.55,0.040000000000000036,1604092.14418,1293008.193526,137733.14353,165694.527124
16,Minnesota Vikings,New York Giants,Minnesota Vikings,1,0.495,0.5967741935483871,0.5850064083952595,-0.10177419354838713,0.625,0.13,1918037.529067,1438468.4046049998,163628.147748,311348.48671400006
16,New England Patriots,Baltimore Ravens,New England Patriots,1,0.5,0.4132231404958678,0.3912643549158532,0.08677685950413222,0.405,-0.09499999999999997,11267070.181172,8713035.694883998,1923435.32874,623048.336056
16,New York Jets,New Orleans Saints,New Orleans Saints,0,0.5,0.30303030303030304,0.3016347994233885,0.19696969696969696,0.47,-0.030000000000000027,1430533.523578,1048376.990463,236510.524442,140295.349389
16,Los Angeles Chargers,Dallas Cowboys,Los Angeles Chargers,1,0.495,0.4878048780487805,0.4912206458758316,0.007195121951219519,0.48,-0.015000000000000013,6664739.465605,5545807.861999,647031.1962420001,463736.353864
16,Tampa Bay Buccaneers,Carolina Panthers,Carolina Panthers,0,0.43,0.6078431372549019,0.5994544078558669,-0.17784313725490192,0.59,0.15999999999999998,985770.446077,602920.967302,298195.13958699995,78797.971598
16,Atlanta Falcons,Arizona Cardinals,Atlanta Falcons,1,0.58,0.6078431372549019,0.5875498119447783,-0.02784313725490195,0.585,0.0050000000000000044,3992903.443201,3062288.111579,691871.0144659999,232328.466373
16,Jacksonville Jaguars,Denver Broncos,Jacksonville Jaguars,1,0.5,0.4,0.40289837495897934,0.09999999999999998,0.44,-0.06,2438982.729799,1801086.977151,447914.752996,182465.774023
16,Pittsburgh Steelers,Detroit Lions,Pittsburgh Steelers,1,0.5,0.26666666666666666,0.24755245152495295,0.23333333333333334,0.255,-0.245,4170715.076275,3668972.399215,348542.26237,148237.76416700002
16,Las Vegas Raiders,Houston Texans,Houston Texans,0,0.4,0.1111111111111111,0.11790309916139195,0.2888888888888889,0.105,-0.29500000000000004,3000061.568825,2608024.884063,143754.123224,240637.209554
16,Cincinnati Bengals,Miami Dolphins,Cincinnati Bengals,1,0.5,0.6923076923076923,0.6527514874342148,-0.1923076923076923,0.655,0.15500000000000003,2344308.034154,1926528.520027,232486.197703,175000.260564
16,San Francisco 49ers,Indianapolis Colts,San Francisco 49ers,1,0.5,0.7142857142857143,0.695295985390325,-0.2142857142857143,0.63,0.13,8282960.408881,3801643.899601,4014540.490002999,435531.419243
17,Dallas Cowboys,Washington Commanders,Dallas Cowboys,1,0.58,0.6644295302013423,0.8284264551026329,-0.08442953020134236,0.745,0.16500000000000004,5598357.653503,4348805.495537,1034568.690562,187876.686941
17,Detroit Lions,Minnesota Vikings,Minnesota Vikings,0,0.595,0.6428571428571429,0.7799526861211684,-0.04785714285714293,0.755,0.16000000000000003,6981723.528961,4209383.756167,1999996.1133149995,745031.425978
17,Denver Broncos,Kansas City Chiefs,Denver Broncos,1,0.475,0.7142857142857143,0.9156909843990869,-0.23928571428571432,0.885,0.41000000000000003,7713624.077108,5436328.804284,1700111.746324,560794.810401
17,Arizona Cardinals,Cincinnati Bengals,Cincinnati Bengals,0,0.395,0.31746031746031744,0.2660730779985282,0.07753968253968258,0.255,-0.14,1236103.719129,790651.2225329999,309317.16194,80347.413738
17,Houston Texans,Los Angeles Chargers,Houston Texans,1,0.5,0.5555555555555556,0.5000411969074855,-0.05555555555555558,0.475,-0.025000000000000022,5133216.042162,4642009.441614999,294124.683214,181118.32655799997
17,Jacksonville Jaguars,Indianapolis Colts,Jacksonville Jaguars,1,0.52,0.7041420118343196,0.682825518019162,-0.18414201183431955,0.705,0.18499999999999994,2901991.507687,2163122.172885,312418.62496700004,402523.63604
17,New Orleans Saints,Tennessee Titans,New Orleans Saints,1,0.525,0.5867768595041323,0.5409263136903373,-0.06177685950413225,0.575,0.04999999999999993,1309500.549662,1098677.370908,127896.18997700005,69766.479821
17,New England Patriots,New York Jets,New England Patriots,1,0.715,0.8333333333333334,0.8941179129267768,-0.1183333333333334,0.885,0.17000000000000004,2091475.049551,1225937.75077,616588.4451759999,238106.84124599997
17,New York Giants,Las Vegas Raiders,New York Giants,1,0.5,0.6240601503759399,0.6184754217620514,-0.12406015037593987,0.575,0.07499999999999996,2179843.94635,1814129.962622,225327.21504,128758.423084
17,Pittsburgh Steelers,Cleveland Browns,Cleveland Browns,0,0.55,0.6721311475409836,0.6722463270815424,-0.12213114754098353,0.625,0.07499999999999996,2784879.988212,2104345.3050349997,478729.161258,185804.50984699992
17,Baltimore Ravens,Green Bay Packers,Baltimore Ravens,1,0.25,0.4,0.4626973365928621,-0.15000000000000002,0.34,0.09000000000000002,3981426.861707,3069755.819191,604212.4388049999,278959.812081
17,Seattle Seahawks,Carolina Panthers,Seattle Seahawks,1,0.62,0.803921568627451,0.7618104914795802,-0.18392156862745102,0.745,0.125,4043447.270369,2039280.219631,1920404.1719,66328.005348
17,Tampa Bay Buccaneers,Miami Dolphins,Miami Dolphins,0,0.51,0.7894736842105263,0.7207649140579224,-0.2794736842105263,0.695,0.18499999999999994,1431875.566092,628894.014379,609211.491638,180584.2264899999
17,Philadelphia Eagles,Buffalo Bills,Philadelphia Eagles,1,0.43,0.423728813559322,0.4074039747953941,0.006271186440677978,0.47,0.03999999999999998,5141070.208404,4657902.641179,311716.4729349999,143017.908958
17,Chicago Bears,San Francisco 49ers,San Francisco 49ers,0,0.445,0.423728813559322,0.3517105140807916,0.02127118644067799,0.385,-0.06,8538448.34302,5390612.74599,2331326.0479470007,731573.0459660002
17,Los Angeles Rams,Atlanta Falcons,Atlanta Falcons,0,0.63,0.8095238095238095,0.7907201514424359,-0.17952380952380953,0.785,0.15500000000000003,8761780.610849,4894067.318178,3326499.038878,524467.5114180001
18,Carolina Panthers,Tampa Bay Buccaneers,Tampa Bay Buccaneers,0,,0.43478260869565216,0.41775519404050515,,0.425,,6154047.980285,,,
18,Cleveland Browns,Cincinnati Bengals,Cleveland Browns,1,0.445,0.25,0.218861670758063,0.195,0.235,-0.21000000000000002,1610014.930639,961726.925859,525825.1478919999,98828.52254900002
18,Indianapolis Colts,Houston Texans,Houston Texans,0,0.375,0.18018018018018017,0.19866232207168583,0.19481981981981983,0.185,-0.19,1896281.390277,1603532.821409,142433.341758,80688.696479
18,Arizona Cardinals,Los Angeles Rams,Los Angeles Rams,0,0.31,0.2597402597402597,0.12695273360828244,0.05025974025974028,0.215,-0.095,1039861.250854,755189.801964,203311.94033199997,62439.302408
18,Dallas Cowboys,New York Giants,New York Giants,0,0.62,0.6575342465753424,0.6405691718913911,-0.037534246575342434,0.635,0.015000000000000013,3000642.756308,2038974.267918,864743.93299,90903.637317
18,Detroit Lions,Chicago Bears,Detroit Lions,1,0.42,0.44642857142857145,0.42139746861154487,-0.026428571428571468,0.395,-0.024999999999999967,2250622.96352,1520985.340394,661643.126021,49520.875497999994
18,Green Bay Packers,Minnesota Vikings,Minnesota Vikings,0,0.6,0.25,0.1858132627178828,0.35,0.205,-0.395,2454844.789696,2184796.983509,192098.239294,71001.05597100001
18,Kansas City Chiefs,Las Vegas Raiders,Las Vegas Raiders,0,0.545,0.7402597402597403,0.6678044712367591,-0.19525974025974024,0.705,0.15999999999999992,1503449.084665,1325948.5702270002,148967.25970499995,21705.257957
18,Miami Dolphins,New England Patriots,New England Patriots,0,0.285,0.18018018018018017,0.13541791232186576,0.1048198198198198,0.16,-0.12499999999999997,1794198.482891,897542.9706740001,790532.689924,77934.66018300001
18,New Orleans Saints,Atlanta Falcons,Atlanta Falcons,0,0.455,0.3937007874015748,0.37443976914175436,0.06129921259842519,0.365,-0.09000000000000002,1895389.096523,1043667.515354,736212.609837,111468.274664
18,New York Jets,Buffalo Bills,Buffalo Bills,0,0.285,0.2702702702702703,0.15699982557125416,0.01472972972972969,0.215,-0.06999999999999998,1477096.978235,824318.843824,551254.064507,89096.32948400002
18,Tennessee Titans,Jacksonville Jaguars,Jacksonville Jaguars,0,0.255,0.14285714285714285,0.15685309715160461,0.11214285714285716,0.145,-0.11000000000000001,2765560.439667,1199009.743766,1402647.358818,136524.565546
18,Baltimore Ravens,Pittsburgh Steelers,Pittsburgh Steelers,0,0.49,0.6491228070175439,0.6862465754410029,-0.1591228070175439,0.655,0.16500000000000004,10894356.958863,6104481.344032,3531161.598542,1219132.664217
18,Los Angeles Chargers,Denver Broncos,Denver Broncos,0,0.405,0.13333333333333333,0.1296750279058992,0.2716666666666667,0.125,-0.28,3440802.903793,2729569.9804029996,614471.6966550001,86678.654029
18,Seattle Seahawks,San Francisco 49ers,Seattle Seahawks,1,,0.5454545454545454,0.6045918332127327,,0.535,,8953998.98117,,,
18,Washington Commanders,Philadelphia Eagles,Washington Commanders,1,0.325,0.3787878787878788,0.3774276465599554,-0.05378787878787877,0.345,0.019999999999999962,2459718.145165,2026750.84247,338889.322281,77066.037947
WC,Los Angeles Rams,Carolina Panthers,Los Angeles Rams,1,0.825,0.84251968503937,0.8717596882626434,-0.01751968503937007,0.825,0.0,11261862.505516,6229697.811849,4439201.323613999,582656.670848
WC,Green Bay Packers,Chicago Bears,Chicago Bears,0,0.495,0.574468085106383,0.6220364298552095,-0.07946808510638304,0.535,0.040000000000000036,11645863.869086,9229291.826291,1689358.382843,717402.409328
WC,Buffalo Bills,Jacksonville Jaguars,Buffalo Bills,1,0.525,0.49504950495049505,0.490271495842549,0.029950495049504977,0.485,-0.040000000000000036,14075156.79978,10813312.1729,2203774.239941,1012570.315191
WC,San Francisco 49ers,Philadelphia Eagles,San Francisco 49ers,1,0.325,0.3125,0.333683771535605,0.012500000000000011,0.305,-0.020000000000000018,12483414.113858,6582122.359543,4739830.179199,1151442.5675830003
WC,Los Angeles Chargers,New England Patriots,New England Patriots,0,0.35,0.38461538461538464,0.37177957564249803,-0.03461538461538466,0.355,0.0050000000000000044,6519476.595692,4178987.566262,1878951.426835,380924.234162
WC,Houston Texans,Pittsburgh Steelers,Houston Texans,1,0.625,0.6183206106870229,0.6088874385083937,0.006679389312977069,0.595,-0.030000000000000027,8631928.509134,6180394.584269,1160034.091645,1238837.058345
DIV,Buffalo Bills,Denver Broncos,Denver Broncos,0,0.495,0.4878048780487805,0.4884947601812573,0.007195121951219519,0.475,-0.020000000000000018,13866741.790343,12395471.8483,582909.338703,773478.580479
DIV,San Francisco 49ers,Seattle Seahawks,Seattle Seahawks,0,0.245,0.2702702702702703,0.28957758024179114,-0.02527027027027029,0.255,0.010000000000000009,13082196.071891,9513695.450922,3154729.951188,363965.823702
DIV,Houston Texans,New England Patriots,New England Patriots,0,0.385,0.6855345911949685,0.39833244334523105,-0.3005345911949685,0.375,-0.010000000000000009,17214222.300752,10277901.128029,5487651.662811,1368457.470595
DIV,Los Angeles Rams,Chicago Bears,Los Angeles Rams,1,0.645,0.6575342465753424,0.6707761522203397,-0.012534246575342411,0.645,0.0,16364538.381865,12552686.451429,2691717.31831,984148.668722
CC,New England Patriots,Denver Broncos,New England Patriots,1,0.685,0.6721311475409836,0.6713061632644411,0.012868852459016478,0.675,-0.010000000000000009,18709801.967933,12265557.498004,5385881.190793,986226.272075
CC,Los Angeles Rams,Seattle Seahawks,Seattle Seahawks,0,0.425,0.44642857142857145,0.4557688379772259,-0.021428571428571463,0.445,0.020000000000000018,18294805.693079,13621631.544433,3244010.7259110007,1280135.629086
SB,Seattle Seahawks,New England Patriots,Seattle Seahawks,1,0.675,0.696969696969697,0.7013817738764434,-0.021969696969696972,0.675,0.0,55291755.018079,36421605.390045,12822003.246815998,4369533.359301001
