week,date,away_team,home_team,slug,found,polymarket_away_close,polymarket_home_close,polymarket_away_open,polymarket_home_open,volume_total,volume_moneyline,volume_spread,volume_totals
1,2025-09-04,Dallas Cowboys,Philadelphia Eagles,nfl-dal-phi-2025-09-04,True,0.0,1.0,0.24,0.76,4374523.334209,3880647.189494,290897.81889,202978.325825
1,2025-09-05,Kansas City Chiefs,Los Angeles Chargers,nfl-kc-lac-2025-09-05,True,0.0,1.0,0.605,0.395,3268723.146582,2820076.498787,307777.519294,140869.128501
1,2025-09-07,Carolina Panthers,Jacksonville Jaguars,nfl-car-jax-2025-09-07,True,0.0,1.0,0.395,0.605,374925.546824,312805.231762,24531.807761,37588.507301
1,2025-09-07,Pittsburgh Steelers,New York Jets,nfl-pit-nyj-2025-09-07,True,1.0,0.0,0.58,0.42,1091264.070363,1041401.351178,19546.310946,30316.408239
1,2025-09-07,Cincinnati Bengals,Cleveland Browns,nfl-cin-cle-2025-09-07,True,1.0,0.0,0.695,0.305,1575908.455093,1491654.759854,76680.607347,7573.087892
1,2025-09-07,Miami Dolphins,Indianapolis Colts,nfl-mia-ind-2025-09-07,True,0.0,1.0,0.475,0.525,1025219.717479,993683.847714,4704.996791,26830.872974
1,2025-09-07,Arizona Cardinals,New Orleans Saints,nfl-ari-no-2025-09-07,True,1.0,0.0,0.725,0.275,1260953.797936,1176702.917789,56970.323716,27280.556431
1,2025-09-07,Tampa Bay Buccaneers,Atlanta Falcons,nfl-tb-atl-2025-09-07,True,1.0,0.0,0.55,0.45,1280690.564508,1238681.972711,14610.54104,27398.050757
1,2025-09-07,New York Giants,Washington Commanders,nfl-nyg-was-2025-09-07,True,0.0,1.0,0.285,0.715,630638.11321,579061.056451,38304.908048,13272.148711
1,2025-09-07,Las Vegas Raiders,New England Patriots,nfl-lv-ne-2025-09-07,True,1.0,0.0,0.415,0.585,594489.235003,572838.549745,17100.211622,4550.473636
1,2025-09-07,Tennessee Titans,Denver Broncos,nfl-ten-den-2025-09-07,True,0.0,1.0,0.23,0.77,1107755.561489,1052090.30461,54318.569068,1346.687811
1,2025-09-07,San Francisco 49ers,Seattle Seahawks,nfl-sf-sea-2025-09-07,True,1.0,0.0,0.565,0.435,1027755.960902,1005034.623706,21481.239158,1240.098038
1,2025-09-07,Houston Texans,Los Angeles Rams,nfl-hou-la-2025-09-07,True,0.0,1.0,0.415,0.585,1920217.458849,1907523.58274,9257.034605,3436.841504
1,2025-09-07,Detroit Lions,Green Bay Packers,nfl-det-gb-2025-09-07,True,0.0,1.0,0.44,0.56,1460253.073239,1362457.630982,77277.992341,20517.449916
1,2025-09-07,Baltimore Ravens,Buffalo Bills,nfl-bal-buf-2025-09-07,True,0.0,1.0,0.505,0.495,3777516.431911,3651319.460057,29485.12934,96711.842514
1,2025-09-08,Minnesota Vikings,Chicago Bears,nfl-min-chi-2025-09-08,True,1.0,0.0,0.525,0.475,3967676.076167,3649421.155627,83405.026692,234849.893848
2,2025-09-11,Washington Commanders,Green Bay Packers,nfl-was-gb-2025-09-11,True,0.0,1.0,0.395,0.605,3666779.063498,3048365.862455,147766.134473,470647.06657
2,2025-09-14,Buffalo Bills,New York Jets,nfl-buf-nyj-2025-09-14,True,1.0,0.0,0.775,0.225,2367088.978143,2291423.80807,50971.223482,24693.946591
2,2025-09-14,Chicago Bears,Detroit Lions,nfl-chi-det-2025-09-14,True,0.0,1.0,0.31,0.69,579789.165797,558697.354017,17535.588688,3556.2230919999997
2,2025-09-14,Cleveland Browns,Baltimore Ravens,nfl-cle-bal-2025-09-14,True,0.0,1.0,0.125,0.875,708002.05162,623847.021009,70362.518864,13792.511747
2,2025-09-14,Jacksonville Jaguars,Cincinnati Bengals,nfl-jax-cin-2025-09-14,True,0.0,1.0,0.31,0.69,1206172.00747,1171955.443688,7092.2592,27124.304582
2,2025-09-14,New England Patriots,Miami Dolphins,nfl-ne-mia-2025-09-14,True,1.0,0.0,0.41,0.59,658994.118101,558403.498936,43520.350029,57070.269135999995
2,2025-09-14,New York Giants,Dallas Cowboys,nfl-nyg-dal-2025-09-14,True,0.0,1.0,0.37,0.63,1190366.266533,1122564.265161,62841.420084,4960.581287999999
2,2025-09-14,Los Angeles Rams,Tennessee Titans,nfl-la-ten-2025-09-14,True,1.0,0.0,0.69,0.31,917057.792996,890905.044976,24227.306666,1925.441354
2,2025-09-14,Seattle Seahawks,Pittsburgh Steelers,nfl-sea-pit-2025-09-14,True,1.0,0.0,0.43,0.57,1367121.958515,1311717.780102,21547.51368,33856.664733000005
2,2025-09-14,San Francisco 49ers,New Orleans Saints,nfl-sf-no-2025-09-14,True,1.0,0.0,0.755,0.245,1799338.359379,1708560.646847,88703.51999899998,2074.192533
2,2025-09-14,Carolina Panthers,Arizona Cardinals,nfl-car-ari-2025-09-14,True,0.0,1.0,0.32,0.68,1179064.899585,1155396.800395,17891.438557999998,5776.660632
2,2025-09-14,Denver Broncos,Indianapolis Colts,nfl-den-ind-2025-09-14,True,0.0,1.0,0.61,0.39,2461042.530099,2444427.393175,13428.634835,3186.5020890000005
2,2025-09-14,Philadelphia Eagles,Kansas City Chiefs,nfl-phi-kc-2025-09-14,True,1.0,0.0,0.49,0.51,1663996.141167,1635710.24704,23400.256177000003,4885.63795
2,2025-09-14,Atlanta Falcons,Minnesota Vikings,nfl-atl-min-2025-09-14,True,1.0,0.0,0.33,0.67,1748248.250736,1601225.044626,106363.303645,40659.90246500001
2,2025-09-15,Tampa Bay Buccaneers,Houston Texans,nfl-tb-hou-2025-09-15,True,1.0,0.0,0.45,0.55,2097288.917548,1871934.099173,133968.902776,91385.915599
2,2025-09-15,Los Angeles Chargers,Las Vegas Raiders,nfl-lac-lv-2025-09-15,True,1.0,0.0,0.62,0.38,4631803.391713,4286152.548024,311819.193913,33831.649776
3,2025-09-18,Miami Dolphins,Buffalo Bills,nfl-mia-buf-2025-09-18,True,0.0,1.0,0.18,0.82,3315837.668246,3020631.262628,222557.108791,72649.296827
3,2025-09-21,Atlanta Falcons,Carolina Panthers,nfl-atl-car-2025-09-21,True,0.0,1.0,0.58,0.42,631612.260801,518801.480983,111679.800863,1130.978955
3,2025-09-21,Cincinnati Bengals,Minnesota Vikings,nfl-cin-min-2025-09-21,True,0.0,1.0,0.46,0.54,2163719.142714,2063396.513701,99450.608813,872.0201999999999
3,2025-09-21,Indianapolis Colts,Tennessee Titans,nfl-ind-ten-2025-09-21,True,1.0,0.0,0.58,0.42,1684742.208059,1610982.393328,72256.488589,1503.326142
3,2025-09-21,Green Bay Packers,Cleveland Browns,nfl-gb-cle-2025-09-21,True,0.0,1.0,0.765,0.235,1388534.694687,1215658.401133,172845.58649000002,30.707064000000003
3,2025-09-21,Houston Texans,Jacksonville Jaguars,nfl-hou-jax-2025-09-21,True,0.0,1.0,0.49,0.51,1716697.237796,1698882.827991,17404.369405,410.0404
3,2025-09-21,New York Jets,Tampa Bay Buccaneers,nfl-nyj-tb-2025-09-21,True,0.0,1.0,0.32,0.68,1236976.718542,1145475.689705,90869.212223,631.8166140000001
3,2025-09-21,Pittsburgh Steelers,New England Patriots,nfl-pit-ne-2025-09-21,True,1.0,0.0,0.55,0.45,1034205.088386,1003692.441236,29763.582517000003,749.064633
3,2025-09-21,Las Vegas Raiders,Washington Commanders,nfl-lv-was-2025-09-21,True,0.0,1.0,0.265,0.735,1548154.669867,1534442.333581,11032.873073,2679.463213
3,2025-09-21,Los Angeles Rams,Philadelphia Eagles,nfl-la-phi-2025-09-21,True,0.0,1.0,0.32,0.68,1132848.982821,1024432.319328,102572.908424,5843.755069
3,2025-09-21,Denver Broncos,Los Angeles Chargers,nfl-den-lac-2025-09-21,True,0.0,1.0,0.42,0.58,2033861.008423,1993928.145529,39923.515069,9.347825
3,2025-09-21,New Orleans Saints,Seattle Seahawks,nfl-no-sea-2025-09-21,True,0.0,1.0,0.28,0.72,357359.242289,347823.17428,8476.702081,1059.3659280000002
3,2025-09-21,Arizona Cardinals,San Francisco 49ers,nfl-ari-sf-2025-09-21,True,0.0,1.0,0.51,0.49,2398503.097155,2381552.514667,14228.118386,2722.464102
3,2025-09-21,Dallas Cowboys,Chicago Bears,nfl-dal-chi-2025-09-21,True,0.0,1.0,0.46,0.54,1843946.399481,1808242.745681,11191.357378000002,24512.296422
3,2025-09-21,Kansas City Chiefs,New York Giants,nfl-kc-nyg-2025-09-21,True,1.0,0.0,0.74,0.26,4033426.737314,3267790.952649,741830.7985449999,23804.98612
3,2025-09-22,Detroit Lions,Baltimore Ravens,nfl-det-bal-2025-09-22,True,1.0,0.0,0.305,0.695,4596052.600764,4037204.542729,289626.57998800004,269221.478047
4,2025-09-25,Seattle Seahawks,Arizona Cardinals,nfl-sea-ari-2025-09-25,True,1.0,0.0,0.43,0.57,5210815.261503,5112503.150217,62266.709765,36045.401521
4,2025-09-28,Minnesota Vikings,Pittsburgh Steelers,nfl-min-pit-2025-09-28,True,0.0,1.0,0.43,0.57,2698823.584125,2300156.226514,372794.17107300006,25873.186538
4,2025-09-28,Carolina Panthers,New England Patriots,nfl-car-ne-2025-09-28,True,0.0,1.0,0.31,0.69,815534.85495,607662.539367,77031.069589,130841.245994
4,2025-09-28,Cleveland Browns,Detroit Lions,nfl-cle-det-2025-09-28,True,0.0,1.0,0.185,0.815,760579.446147,689787.884544,33112.622993,37678.93861
4,2025-09-28,New Orleans Saints,Buffalo Bills,nfl-no-buf-2025-09-28,True,0.0,1.0,0.085,0.915,1435161.806404,1245553.339702,148845.325503,40763.141199
4,2025-09-28,Tennessee Titans,Houston Texans,nfl-ten-hou-2025-09-28,True,0.0,1.0,0.22,0.78,306780.4065,217335.389599,37767.788654,51677.228247
4,2025-09-28,Philadelphia Eagles,Tampa Bay Buccaneers,nfl-phi-tb-2025-09-28,True,1.0,0.0,0.58,0.42,1563356.889429,1404557.218477,104037.670271,54762.000681000005
4,2025-09-28,Los Angeles Chargers,New York Giants,nfl-lac-nyg-2025-09-28,True,0.0,1.0,0.715,0.285,1688745.006,1508465.664231,163715.529966,16563.811803
4,2025-09-28,Washington Commanders,Atlanta Falcons,nfl-was-atl-2025-09-28,True,0.0,1.0,0.52,0.48,3154543.54843,3103373.433467,47341.115593,3828.99937
4,2025-09-28,Indianapolis Colts,Los Angeles Rams,nfl-ind-la-2025-09-28,True,0.0,1.0,0.33,0.67,1124287.82343,1085382.891731,31794.009898999997,7110.9218
4,2025-09-28,Jacksonville Jaguars,San Francisco 49ers,nfl-jax-sf-2025-09-28,True,1.0,0.0,0.36,0.64,1650758.921931,1622500.666387,12613.181496,15645.074048
4,2025-09-28,Chicago Bears,Las Vegas Raiders,nfl-chi-lv-2025-09-28,True,1.0,0.0,0.435,0.565,2128288.849255,2055240.970987,45762.935658999995,27284.942609
4,2025-09-28,Baltimore Ravens,Kansas City Chiefs,nfl-bal-kc-2025-09-28,True,0.0,1.0,0.59,0.41,3408241.130658,3277896.298926,63912.818948,66432.01278400002
4,2025-09-28,Green Bay Packers,Dallas Cowboys,nfl-gb-dal-2025-09-28,True,0.5,0.5,0.7,0.3,4880619.798396,4134658.56156,671387.117876,74574.11896
4,2025-09-29,New York Jets,Miami Dolphins,nfl-nyj-mia-2025-09-29,True,0.0,1.0,0.42,0.58,3528001.927126,2800466.161767,310541.401123,416994.36423600005
4,2025-09-29,Cincinnati Bengals,Denver Broncos,nfl-cin-den-2025-09-29,True,0.0,1.0,0.23,0.77,3259932.351141,2501690.541371,378970.252022,379271.557748
5,2025-10-02,San Francisco 49ers,Los Angeles Rams,nfl-sf-la-2025-10-02,True,1.0,0.0,0.405,0.595,5107475.266507,4641709.909075,405098.41489,60666.942542
5,2025-10-05,Minnesota Vikings,Cleveland Browns,nfl-min-cle-2025-10-05,True,1.0,0.0,0.69,0.31,4429284.934169,4260464.092825,123381.507188,45439.334156
5,2025-10-05,Dallas Cowboys,New York Jets,nfl-dal-nyj-2025-10-05,True,1.0,0.0,0.535,0.465,3338321.704291,3193942.901728,76754.109464,67624.69309900001
5,2025-10-05,Denver Broncos,Philadelphia Eagles,nfl-den-phi-2025-10-05,True,1.0,0.0,0.315,0.685,2470320.615983,2180162.854306,222149.42916400003,68008.332513
5,2025-10-05,Houston Texans,Baltimore Ravens,nfl-hou-bal-2025-10-05,True,1.0,0.0,0.205,0.795,1647144.997066,1426595.013717,105341.093693,115208.889656
5,2025-10-05,Miami Dolphins,Carolina Panthers,nfl-mia-car-2025-10-05,True,0.0,1.0,0.51,0.49,1621476.034817,1525103.885827,5977.184836,90394.964154
5,2025-10-05,New York Giants,New Orleans Saints,nfl-nyg-no-2025-10-05,True,0.0,1.0,0.54,0.46,2523318.238375,2461002.433408,39281.74086900001,23034.064098
5,2025-10-05,Las Vegas Raiders,Indianapolis Colts,nfl-lv-ind-2025-10-05,True,0.0,1.0,0.29,0.71,770105.637698,581524.130942,92876.653566,95704.85319
5,2025-10-05,Tennessee Titans,Arizona Cardinals,nfl-ten-ari-2025-10-05,True,1.0,0.0,0.25,0.75,1010741.664805,919479.755106,58689.952635,32571.957064
5,2025-10-05,Tampa Bay Buccaneers,Seattle Seahawks,nfl-tb-sea-2025-10-05,True,1.0,0.0,0.435,0.565,3302893.10897,3182843.13836,81933.908317,38116.062293
5,2025-10-05,Detroit Lions,Cincinnati Bengals,nfl-det-cin-2025-10-05,True,1.0,0.0,0.755,0.245,2657626.42518,2552238.871814,91173.79945,14213.753916
5,2025-10-05,Washington Commanders,Los Angeles Chargers,nfl-was-lac-2025-10-05,True,1.0,0.0,0.405,0.595,963292.834302,822866.245693,21979.289509,118447.2991
5,2025-10-05,New England Patriots,Buffalo Bills,nfl-ne-buf-2025-10-05,True,1.0,0.0,0.195,0.805,3571571.986641,3263597.64327,231838.07987200003,76136.263499
5,2025-10-06,Kansas City Chiefs,Jacksonville Jaguars,nfl-kc-jax-2025-10-06,True,0.0,1.0,0.595,0.405,5299398.279873,4382401.971396,659702.479091,257293.829386
6,2025-10-09,Philadelphia Eagles,New York Giants,nfl-phi-nyg-2025-10-09,True,0.0,1.0,0.77,0.23,6738735.829557,4367362.574114,2034647.527734,336725.727709
6,2025-10-12,Denver Broncos,New York Jets,nfl-den-nyj-2025-10-12,True,1.0,0.0,0.715,0.285,3896260.235899,2349914.019828,1317314.848913,229031.367158
6,2025-10-12,Cleveland Browns,Pittsburgh Steelers,nfl-cle-pit-2025-10-12,True,0.0,1.0,0.295,0.705,894082.271828,767243.152533,98373.14963,28465.969665
6,2025-10-12,Arizona Cardinals,Indianapolis Colts,nfl-ari-ind-2025-10-12,True,0.0,1.0,0.345,0.655,2854602.307771,2646755.330096,182581.567216,25265.410459
6,2025-10-12,Dallas Cowboys,Carolina Panthers,nfl-dal-car-2025-10-12,True,0.0,1.0,0.635,0.365,2076522.585238,1706970.232477,254022.239676,115530.113085
6,2025-10-12,Los Angeles Rams,Baltimore Ravens,nfl-la-bal-2025-10-12,True,1.0,0.0,0.665,0.335,3569097.425771,3012129.471605,474249.183305,82718.770861
6,2025-10-12,Los Angeles Chargers,Miami Dolphins,nfl-lac-mia-2025-10-12,True,1.0,0.0,0.695,0.305,1200434.567259,911545.113355,210171.951191,78717.502713
6,2025-10-12,Seattle Seahawks,Jacksonville Jaguars,nfl-sea-jax-2025-10-12,True,1.0,0.0,0.485,0.515,1051311.198729,997021.355061,13121.271084,41168.572584
6,2025-10-12,San Francisco 49ers,Tampa Bay Buccaneers,nfl-sf-tb-2025-10-12,True,0.0,1.0,0.5,0.5,2899698.697849,2675890.223089,152624.410968,71184.063792
6,2025-10-12,Tennessee Titans,Las Vegas Raiders,nfl-ten-lv-2025-10-12,True,0.0,1.0,0.28,0.72,941670.351672,832914.270669,88958.717577,19797.363426
6,2025-10-12,Cincinnati Bengals,Green Bay Packers,nfl-cin-gb-2025-10-12,True,0.0,1.0,0.115,0.885,2376954.89276,2157869.260477,181125.087348,37960.544935
6,2025-10-12,New England Patriots,New Orleans Saints,nfl-ne-no-2025-10-12,True,1.0,0.0,0.625,0.375,1934848.603689,1776522.108264,133439.803632,24886.691793
6,2025-10-12,Detroit Lions,Kansas City Chiefs,nfl-det-kc-2025-10-12,True,0.0,1.0,0.485,0.515,5111194.74836,4280276.047316,360098.31559099996,470820.385453
6,2025-10-13,Buffalo Bills,Atlanta Falcons,nfl-buf-atl-2025-10-13,True,0.0,1.0,0.655,0.345,4177282.911487,3643548.74711,209108.164156,324626.000221
6,2025-10-13,Chicago Bears,Washington Commanders,nfl-chi-was-2025-10-13,True,1.0,0.0,0.345,0.655,4656652.798948,3291518.748828,1241495.515455,123638.534665
7,2025-10-16,Pittsburgh Steelers,Cincinnati Bengals,nfl-pit-cin-2025-10-16,True,0.0,1.0,0.675,0.325,8780037.178123,6753083.745403,1808268.106896,218685.32582400003
7,2025-10-19,Los Angeles Rams,Jacksonville Jaguars,nfl-la-jax-2025-10-19,True,1.0,0.0,0.605,0.395,2816923.254072,2373728.733534,320484.765622,122709.754916
7,2025-10-19,Carolina Panthers,New York Jets,nfl-car-nyj-2025-10-19,True,1.0,0.0,0.455,0.545,2752357.831273,2662479.954658,34399.151134,55478.725481
7,2025-10-19,Miami Dolphins,Cleveland Browns,nfl-mia-cle-2025-10-19,True,0.0,1.0,0.405,0.595,2762763.584011,2327628.823444,170023.849058,265110.911509
7,2025-10-19,New Orleans Saints,Chicago Bears,nfl-no-chi-2025-10-19,True,0.0,1.0,0.305,0.695,1300213.340408,920413.145072,337722.360337,42077.834999
7,2025-10-19,New England Patriots,Tennessee Titans,nfl-ne-ten-2025-10-19,True,1.0,0.0,0.705,0.295,2539888.192627,2240434.585872,270677.628669,28775.978086
7,2025-10-19,Philadelphia Eagles,Minnesota Vikings,nfl-phi-min-2025-10-19,True,1.0,0.0,0.555,0.445,2575182.654979,2339358.261417,205094.872696,30729.520866
7,2025-10-19,Las Vegas Raiders,Kansas City Chiefs,nfl-lv-kc-2025-10-19,True,0.0,1.0,0.175,0.825,3908898.527666,3685622.015244,174681.933318,48594.579104
7,2025-10-19,Indianapolis Colts,Los Angeles Chargers,nfl-ind-lac-2025-10-19,True,1.0,0.0,0.51,0.49,3395467.118822,3224126.846856,111880.638777,59459.633189
7,2025-10-19,New York Giants,Denver Broncos,nfl-nyg-den-2025-10-19,True,0.0,1.0,0.255,0.745,3484321.324211,3171107.479897,229873.872412,83339.971902
7,2025-10-19,Green Bay Packers,Arizona Cardinals,nfl-gb-ari-2025-10-19,True,1.0,0.0,0.68,0.32,3136635.500651,2693913.764893,369028.413514,73693.322244
7,2025-10-19,Washington Commanders,Dallas Cowboys,nfl-was-dal-2025-10-19,True,0.0,1.0,0.555,0.445,2982982.759089,2507702.569321,208017.15549,267263.034278
7,2025-10-19,Atlanta Falcons,San Francisco 49ers,nfl-atl-sf-2025-10-19,True,0.0,1.0,0.355,0.645,6488952.882381,5648468.771621,556228.199519,284255.911241
7,2025-10-20,Tampa Bay Buccaneers,Detroit Lions,nfl-tb-det-2025-10-20,True,0.0,1.0,0.355,0.645,8463936.262525,7448884.410265,573141.0384,441910.81386
7,2025-10-20,Houston Texans,Seattle Seahawks,nfl-hou-sea-2025-10-20,True,0.0,1.0,0.39,0.61,4375501.387289,3809847.017562,373603.321495,192051.04823199997
8,2025-10-23,Minnesota Vikings,Los Angeles Chargers,nfl-min-lac-2025-10-23,True,0.0,1.0,0.415,0.585,4960583.770351,3781473.018304,484515.745672,694595.006375
8,2025-10-26,Buffalo Bills,Carolina Panthers,nfl-buf-car-2025-10-26,True,1.0,0.0,0.405,0.595,1438087.48867,1244144.664891,159792.517615,32911.787647
8,2025-10-26,Chicago Bears,Baltimore Ravens,nfl-chi-bal-2025-10-26,True,0.0,1.0,0.295,0.705,4809307.090141,4476780.028039,218076.502629,112440.579273
8,2025-10-26,Cleveland Browns,New England Patriots,nfl-cle-ne-2025-10-26,True,0.0,1.0,0.265,0.735,1316993.304137,943116.689119,238616.041567,132900.533451
8,2025-10-26,Miami Dolphins,Atlanta Falcons,nfl-mia-atl-2025-10-26,True,1.0,0.0,0.315,0.685,3159511.014177,2017750.966718,1104382.750109,36577.30725
8,2025-10-26,New York Giants,Philadelphia Eagles,nfl-nyg-phi-2025-10-26,True,0.0,1.0,0.585,0.415,2168916.6744,1474535.409996,484697.889326,205328.605849
8,2025-10-26,New York Jets,Cincinnati Bengals,nfl-nyj-cin-2025-10-26,True,1.0,0.0,0.375,0.625,4195358.668018,3421978.721615,541773.6199009999,228819.726402
8,2025-10-26,San Francisco 49ers,Houston Texans,nfl-sf-hou-2025-10-26,True,0.0,1.0,0.465,0.535,3783006.218307,3067969.538678,483830.273183,229007.406446
8,2025-10-26,Tampa Bay Buccaneers,New Orleans Saints,nfl-tb-no-2025-10-26,True,1.0,0.0,0.675,0.325,2465071.305441,1849557.698,513758.4746010001,99993.079674
8,2025-10-26,Dallas Cowboys,Denver Broncos,nfl-dal-den-2025-10-26,True,0.0,1.0,0.345,0.655,3724315.471164,3235924.270358,347801.92431699997,136757.14615
8,2025-10-26,Tennessee Titans,Indianapolis Colts,nfl-ten-ind-2025-10-26,True,0.0,1.0,0.545,0.455,2689170.382208,2011801.408812,654320.88957,21679.934059000003
8,2025-10-26,Green Bay Packers,Pittsburgh Steelers,nfl-gb-pit-2025-10-26,True,1.0,0.0,0.61,0.39,4834699.640198,4023055.752046,440899.8552709999,369186.003048
8,2025-10-27,Washington Commanders,Kansas City Chiefs,nfl-was-kc-2025-10-27,True,0.0,1.0,0.175,0.825,6466996.029342,3672867.621156,2402677.712342,390068.956073
9,2025-10-30,Baltimore Ravens,Miami Dolphins,nfl-bal-mia-2025-10-30,True,1.0,0.0,0.5,0.5,7029706.406388,4251695.501825,2408762.278988,355363.57018700003
9,2025-11-02,Atlanta Falcons,New England Patriots,nfl-atl-ne-2025-11-02,True,0.0,1.0,0.42,0.58,1519616.463671,1128270.717276,368973.279615,18223.594585
9,2025-11-02,Carolina Panthers,Green Bay Packers,nfl-car-gb-2025-11-02,True,1.0,0.0,0.53,0.47,1692509.644461,1271088.369269,280962.654039,136921.895453
9,2025-11-02,Chicago Bears,Cincinnati Bengals,nfl-chi-cin-2025-11-02,True,1.0,0.0,0.52,0.48,2325408.751744,1704866.91405,150361.956382,466276.560081
9,2025-11-02,Indianapolis Colts,Pittsburgh Steelers,nfl-ind-pit-2025-11-02,True,0.0,1.0,0.6,0.4,4376999.355103,3912282.925552,392579.281618,64173.671301999995
9,2025-11-02,Denver Broncos,Houston Texans,nfl-den-hou-2025-11-02,True,1.0,0.0,0.51,0.49,3276431.16436,3064084.6384570003,41264.079576,156472.493784
9,2025-11-02,Minnesota Vikings,Detroit Lions,nfl-min-det-2025-11-02,True,1.0,0.0,0.565,0.435,3905291.831599,3425395.858356,415864.561798,53431.924169000005
9,2025-11-02,Los Angeles Chargers,Tennessee Titans,nfl-lac-ten-2025-11-02,True,1.0,0.0,0.435,0.565,2596037.322102,2280157.733631,211088.808099,97705.835974
9,2025-11-02,San Francisco 49ers,New York Giants,nfl-sf-nyg-2025-11-02,True,1.0,0.0,0.59,0.41,2134252.854157,1523916.461888,274848.64911,330426.771426
9,2025-11-02,Jacksonville Jaguars,Las Vegas Raiders,nfl-jax-lv-2025-11-02,True,1.0,0.0,0.59,0.41,1796918.090663,1496987.1652600002,237317.37485100003,57275.926838
9,2025-11-02,New Orleans Saints,Los Angeles Rams,nfl-no-la-2025-11-02,True,0.0,1.0,0.525,0.475,1488907.028029,1301257.834511,149643.985678,32166.79198
9,2025-11-02,Kansas City Chiefs,Buffalo Bills,nfl-kc-buf-2025-11-02,True,0.0,1.0,0.53,0.47,6554207.474391,5337274.0617,71380.777256,1141319.4177559998
9,2025-11-02,Seattle Seahawks,Washington Commanders,nfl-sea-was-2025-11-02,True,1.0,0.0,0.58,0.42,6457260.183301,5237696.516094,798462.879956,405944.3366240001
9,2025-11-03,Arizona Cardinals,Dallas Cowboys,nfl-ari-dal-2025-11-03,True,1.0,0.0,0.405,0.595,8754905.921919,6772205.516335,1522775.96195,435496.451311
10,2025-11-06,Las Vegas Raiders,Denver Broncos,nfl-lv-den-2025-11-06,True,0.0,1.0,0.27,0.73,8101545.161545,4191287.694411,3719074.561427,170535.53144599998
10,2025-11-09,Atlanta Falcons,Indianapolis Colts,nfl-atl-ind-2025-11-09,True,0.0,1.0,0.275,0.725,1971053.883451,1476334.702131,423984.721577,55964.688348
10,2025-11-09,Buffalo Bills,Miami Dolphins,nfl-buf-mia-2025-11-09,True,0.0,1.0,0.775,0.225,2842583.781596,2583293.981696,202567.4344,46325.977759
10,2025-11-09,Cleveland Browns,New York Jets,nfl-cle-nyj-2025-11-09,True,0.0,1.0,0.46,0.54,1368043.065363,1122662.469364,61250.210787,161914.120388
10,2025-11-09,Jacksonville Jaguars,Houston Texans,nfl-jax-hou-2025-11-09,True,0.0,1.0,0.42,0.58,3553608.495985,2823198.410972,633028.133546,58972.123201
10,2025-11-09,New Orleans Saints,Carolina Panthers,nfl-no-car-2025-11-09,True,1.0,0.0,0.38,0.62,1239874.670312,995434.37118,159309.23184099997,70324.997479
10,2025-11-09,New England Patriots,Tampa Bay Buccaneers,nfl-ne-tb-2025-11-09,True,1.0,0.0,0.415,0.585,925062.156908,797545.355155,69997.940083,39974.765791
10,2025-11-09,New York Giants,Chicago Bears,nfl-nyg-chi-2025-11-09,True,0.0,1.0,0.39,0.61,1711723.529824,1396521.48422,226587.984044,68368.689194
10,2025-11-09,Baltimore Ravens,Minnesota Vikings,nfl-bal-min-2025-11-09,True,1.0,0.0,0.665,0.335,2059508.111401,1329167.052788,683649.925856,23427.820964
10,2025-11-09,Arizona Cardinals,Seattle Seahawks,nfl-ari-sea-2025-11-09,True,0.0,1.0,0.32,0.68,2879909.745465,2238500.660885,520290.937953,103932.334705
10,2025-11-09,Detroit Lions,Washington Commanders,nfl-det-was-2025-11-09,True,1.0,0.0,0.65,0.35,3731126.200155,3224803.827849,429676.019839,69380.703554
10,2025-11-09,Los Angeles Rams,San Francisco 49ers,nfl-la-sf-2025-11-09,True,1.0,0.0,0.61,0.39,1688646.415642,1402992.64013,235487.524377,39994.556235
10,2025-11-09,Pittsburgh Steelers,Los Angeles Chargers,nfl-pit-lac-2025-11-09,True,0.0,1.0,0.36,0.64,4933607.254615,3747961.778855,1045001.100574,125444.947494
10,2025-11-10,Philadelphia Eagles,Green Bay Packers,nfl-phi-gb-2025-11-10,True,1.0,0.0,0.44,0.56,8777252.747376,8145686.342001,138456.430859,470661.86894
11,2025-11-13,New York Jets,New England Patriots,nfl-nyj-ne-2025-11-13,True,0.0,1.0,0.545,0.455,5900023.132886,5169094.711053,409069.007721,292318.23795700003
11,2025-11-16,Washington Commanders,Miami Dolphins,nfl-was-mia-2025-11-16,True,0.0,1.0,0.54,0.46,4386874.354263,3512115.610507,821908.616865,48661.433765
11,2025-11-16,Carolina Panthers,Atlanta Falcons,nfl-car-atl-2025-11-16,True,1.0,0.0,0.395,0.605,1661241.716245,1369105.323557,150626.832852,124407.664601
11,2025-11-16,Chicago Bears,Minnesota Vikings,nfl-chi-min-2025-11-16,True,1.0,0.0,0.425,0.575,2180382.28753,1930144.365278,184096.452985,60331.536275
11,2025-11-16,Cincinnati Bengals,Pittsburgh Steelers,nfl-cin-pit-2025-11-16,True,0.0,1.0,0.335,0.665,514893.3212,336715.122668,108353.396258,60087.335816
11,2025-11-16,Green Bay Packers,New York Giants,nfl-gb-nyg-2025-11-16,True,1.0,0.0,0.715,0.285,2243518.533847,1956623.732287,169200.940204,106741.920675
11,2025-11-16,Houston Texans,Tennessee Titans,nfl-hou-ten-2025-11-16,True,1.0,0.0,0.755,0.245,4091304.365287,3920016.854588,140067.552498,30249.999681
11,2025-11-16,Los Angeles Chargers,Jacksonville Jaguars,nfl-lac-jax-2025-11-16,True,0.0,1.0,0.53,0.47,1823560.596503,1380719.233448,402259.148122,28094.894933
11,2025-11-16,Tampa Bay Buccaneers,Buffalo Bills,nfl-tb-buf-2025-11-16,True,0.0,1.0,0.33,0.67,1400133.097679,1253772.093525,77892.466225,35039.823906
11,2025-11-16,Seattle Seahawks,Los Angeles Rams,nfl-sea-la-2025-11-16,True,0.0,1.0,0.435,0.565,1370889.071091,1254681.9375210002,64718.108124000006,48092.046971
11,2025-11-16,San Francisco 49ers,Arizona Cardinals,nfl-sf-ari-2025-11-16,True,1.0,0.0,0.535,0.465,1567295.697671,1200500.5042609998,287378.51272,74721.67537
11,2025-11-16,Kansas City Chiefs,Denver Broncos,nfl-kc-den-2025-11-16,True,0.0,1.0,0.635,0.365,2504925.292609,2178868.809789,257515.53192,60071.554972
11,2025-11-16,Baltimore Ravens,Cleveland Browns,nfl-bal-cle-2025-11-16,True,1.0,0.0,0.775,0.225,2505906.90749,1245399.627774,1177560.08405,79096.756866
11,2025-11-16,Detroit Lions,Philadelphia Eagles,nfl-det-phi-2025-11-16,True,0.0,1.0,0.475,0.525,3970041.084221,3426511.8258990003,384219.560873,148246.26248900002
11,2025-11-17,Dallas Cowboys,Las Vegas Raiders,nfl-dal-lv-2025-11-17,True,1.0,0.0,0.635,0.365,11041811.66565,3586107.711115,6716976.746964,705519.277352
12,2025-11-20,Buffalo Bills,Houston Texans,nfl-buf-hou-2025-11-20,True,0.0,1.0,0.5,0.5,9515737.331838,4918941.925353,4104546.890678,463342.742546
12,2025-11-23,Indianapolis Colts,Kansas City Chiefs,nfl-ind-kc-2025-11-23,True,1.0,0.0,0.49,0.51,8769758.99695,7816007.126410999,864850.234263,85950.95313999998
12,2025-11-23,Minnesota Vikings,Green Bay Packers,nfl-min-gb-2025-11-23,True,0.0,1.0,0.5,0.5,1158947.406765,884118.030657,244238.938261,26706.278742
12,2025-11-23,New England Patriots,Cincinnati Bengals,nfl-ne-cin-2025-11-23,True,1.0,0.0,0.51,0.49,3457370.88233,2825287.5985939996,525747.021444,95827.353265
12,2025-11-23,New York Giants,Detroit Lions,nfl-nyg-det-2025-11-23,True,1.0,0.0,0.5,0.5,4509897.896039,2144532.61111,2191218.960405,172091.41189400002
12,2025-11-23,New York Jets,Baltimore Ravens,nfl-nyj-bal-2025-11-23,True,1.0,0.0,0.505,0.495,1328420.905773,971345.089245,339060.316432,16609.500096
12,2025-11-23,Pittsburgh Steelers,Chicago Bears,nfl-pit-chi-2025-11-23,True,1.0,0.0,0.51,0.49,1568538.828189,1277770.592893,269259.998527,19082.645962
12,2025-11-23,Seattle Seahawks,Tennessee Titans,nfl-sea-ten-2025-11-23,True,1.0,0.0,0.5,0.5,2016110.203769,1169261.032504,748715.171524,75315.92274000001
12,2025-11-23,Cleveland Browns,Las Vegas Raiders,nfl-cle-lv-2025-11-23,True,1.0,0.0,0.49,0.51,2262965.668495,1869802.312311,312911.496335,78092.288422
12,2025-11-23,Jacksonville Jaguars,Arizona Cardinals,nfl-jax-ari-2025-11-23,True,0.0,1.0,0.5,0.5,1270983.544413,1116143.257797,120411.310413,29018.976203
12,2025-11-23,Atlanta Falcons,New Orleans Saints,nfl-atl-no-2025-11-23,True,1.0,0.0,0.5,0.5,3234441.805099,3091005.671174,127823.849253,9270.839846
12,2025-11-23,Philadelphia Eagles,Dallas Cowboys,nfl-phi-dal-2025-11-23,True,1.0,0.0,0.495,0.505,5961864.683554,5684201.501369,186091.861983,79668.92629999999
12,2025-11-23,Tampa Bay Buccaneers,Los Angeles Rams,nfl-tb-la-2025-11-23,True,0.0,1.0,0.495,0.505,6374723.695787,4697367.53227,660106.689705,998823.419761
12,2025-11-24,Carolina Panthers,San Francisco 49ers,nfl-car-sf-2025-11-24,True,0.0,1.0,0.245,0.755,6973847.123658,5106308.420802999,1218146.121468,637485.177091
13,2025-11-27,Green Bay Packers,Detroit Lions,nfl-gb-det-2025-11-27,True,1.0,0.0,0.44,0.56,7817907.515609,6700201.131686,693107.332971,418306.527205
13,2025-11-27,Kansas City Chiefs,Dallas Cowboys,nfl-kc-dal-2025-11-27,True,0.0,1.0,0.615,0.385,11317955.409702,7238354.359456,3211592.306035,862464.2390260001
13,2025-11-27,Cincinnati Bengals,Baltimore Ravens,nfl-cin-bal-2025-11-27,True,1.0,0.0,0.265,0.735,11341196.427486,8891426.624391,2022872.801854,409629.4725130001
13,2025-11-28,Chicago Bears,Philadelphia Eagles,nfl-chi-phi-2025-11-28,True,1.0,0.0,0.26,0.74,6641544.514277,5546098.352124,914312.200516,176538.552359
13,2025-11-30,Atlanta Falcons,New York Jets,nfl-atl-nyj-2025-11-30,True,0.0,1.0,0.56,0.44,1572104.903265,1141662.838544,338652.805518,81297.348743
13,2025-11-30,Arizona Cardinals,Tampa Bay Buccaneers,nfl-ari-tb-2025-11-30,True,0.0,1.0,0.42,0.58,2810123.205989,1478952.8015770002,1040134.889547,285009.874038
13,2025-11-30,Houston Texans,Indianapolis Colts,nfl-hou-ind-2025-11-30,True,1.0,0.0,0.325,0.675,2826299.792355,2346314.670659,435301.941531,40443.146576
13,2025-11-30,Jacksonville Jaguars,Tennessee Titans,nfl-jax-ten-2025-11-30,True,1.0,0.0,0.75,0.25,2425204.416058,912331.522999,1415871.8307959998,86419.81828899999
13,2025-11-30,New Orleans Saints,Miami Dolphins,nfl-no-mia-2025-11-30,True,0.0,1.0,0.28,0.72,1754629.912365,748862.540874,979994.492735,18803.383068000003
13,2025-11-30,Los Angeles Rams,Carolina Panthers,nfl-la-car-2025-11-30,True,1.0,0.0,0.48,0.52,4878909.420515,4301047.749367001,538020.1970869999,30552.280294
13,2025-11-30,San Francisco 49ers,Cleveland Browns,nfl-sf-cle-2025-11-30,True,1.0,0.0,0.635,0.365,3269821.784972,1944538.380025,1248931.2572930004,71058.13953799999
13,2025-11-30,Minnesota Vikings,Seattle Seahawks,nfl-min-sea-2025-11-30,True,0.0,1.0,0.18,0.82,4615485.493197,3856333.589069,616914.736,137053.157564
13,2025-11-30,Buffalo Bills,Pittsburgh Steelers,nfl-buf-pit-2025-11-30,True,1.0,0.0,0.65,0.35,5272844.144533,4604127.931214,431846.769192,230687.53808
13,2025-11-30,Las Vegas Raiders,Los Angeles Chargers,nfl-lv-lac-2025-11-30,True,0.0,1.0,0.185,0.815,1257173.18629,945894.995823,252407.038405,53293.937802
13,2025-11-30,Denver Broncos,Washington Commanders,nfl-den-was-2025-11-30,True,1.0,0.0,0.735,0.265,6774278.116747,4613790.719633999,1792604.2719799995,348815.169802
13,2025-12-01,New York Giants,New England Patriots,nfl-nyg-ne-2025-12-01,True,0.0,1.0,0.23,0.77,10781557.388367,6985504.333291,2863953.91136,914413.88392
14,2025-12-04,Dallas Cowboys,Detroit Lions,nfl-dal-det-2025-12-04,True,0.0,1.0,0.265,0.735,15230510.014833,10694807.690485,3867712.092763,641019.129892
14,2025-12-07,Chicago Bears,Green Bay Packers,nfl-chi-gb-2025-12-07,True,0.0,1.0,0.32,0.68,4147695.824435,3619487.395615,380464.25379,145199.35621300002
14,2025-12-07,Indianapolis Colts,Jacksonville Jaguars,nfl-ind-jax-2025-12-07,True,0.0,1.0,0.5,0.5,3782770.47824,2574679.130849,1105818.330619,98904.791801
14,2025-12-07,Miami Dolphins,New York Jets,nfl-mia-nyj-2025-12-07,True,1.0,0.0,0.68,0.32,1663335.635021,1167250.0722750002,396283.666662,98678.532449
14,2025-12-07,New Orleans Saints,Tampa Bay Buccaneers,nfl-no-tb-2025-12-07,True,1.0,0.0,0.32,0.68,1385765.629916,1122556.4309009998,205561.91790800003,56999.526724
14,2025-12-07,Tennessee Titans,Cleveland Browns,nfl-ten-cle-2025-12-07,True,1.0,0.0,0.32,0.68,1460716.000995,941776.705635,401542.722046,111583.182314
14,2025-12-07,Pittsburgh Steelers,Baltimore Ravens,nfl-pit-bal-2025-12-07,True,1.0,0.0,0.5,0.5,3090906.668676,1899718.969521,1080514.17138,94817.771416
14,2025-12-07,Seattle Seahawks,Atlanta Falcons,nfl-sea-atl-2025-12-07,True,1.0,0.0,0.5,0.5,5856823.488402,3611240.975121,2072932.979475,161773.25374
14,2025-12-07,Washington Commanders,Minnesota Vikings,nfl-was-min-2025-12-07,True,0.0,1.0,0.495,0.505,2263500.949868,2131437.212171,96139.19405,34305.361831999995
14,2025-12-07,Denver Broncos,Las Vegas Raiders,nfl-den-lv-2025-12-07,True,1.0,0.0,0.68,0.32,3116835.258873,1679581.725329,1380756.2464919998,53815.852393
14,2025-12-07,Cincinnati Bengals,Buffalo Bills,nfl-cin-buf-2025-12-07,True,1.0,0.0,0.51,0.49,1803753.470382,1279750.5858820002,317244.53083500004,201227.246442
14,2025-12-07,Los Angeles Rams,Arizona Cardinals,nfl-la-ari-2025-12-07,True,1.0,0.0,0.5,0.5,4788147.901287,2069223.303571,2631511.734209,85264.86350699999
14,2025-12-07,Houston Texans,Kansas City Chiefs,nfl-hou-kc-2025-12-07,True,1.0,0.0,0.63,0.37,8981769.885998,5389423.980631,3236608.0670179995,338581.51630699995
14,2025-12-08,Philadelphia Eagles,Los Angeles Chargers,nfl-phi-lac-2025-12-08,True,0.0,1.0,0.51,0.49,9630935.699879,7942017.924149,1039571.4801830002,339583.216267
15,2025-12-11,Atlanta Falcons,Tampa Bay Buccaneers,nfl-atl-tb-2025-12-11,True,1.0,0.0,0.5,0.5,6496275.828598,2994225.6789740003,3258998.0438560005,213292.126418
15,2025-12-14,Buffalo Bills,New England Patriots,nfl-buf-ne-2025-12-14,True,0.0,1.0,0.52,0.48,5552244.111449,5200438.354705,205304.84668,137865.857755
15,2025-12-14,Cleveland Browns,Chicago Bears,nfl-cle-chi-2025-12-14,True,0.0,1.0,0.485,0.515,2240611.635721,1688122.95067,434194.785916,112888.424939
15,2025-12-14,Arizona Cardinals,Houston Texans,nfl-ari-hou-2025-12-14,True,0.0,1.0,0.5,0.5,1320324.516076,896631.927821,378724.338122,39453.12259100001
15,2025-12-14,New York Jets,Jacksonville Jaguars,nfl-nyj-jax-2025-12-14,True,0.0,1.0,0.49,0.51,2120160.3697,1385924.8219239998,665242.0141350001,61314.496763
15,2025-12-14,Las Vegas Raiders,Philadelphia Eagles,nfl-lv-phi-2025-12-14,True,0.0,1.0,0.485,0.515,1394640.664032,973116.671213,253681.974116,164317.96751400002
15,2025-12-14,Baltimore Ravens,Cincinnati Bengals,nfl-bal-cin-2025-12-14,True,1.0,0.0,0.5,0.5,1166736.309748,832604.900608,203476.236329,125223.722372
15,2025-12-14,Los Angeles Chargers,Kansas City Chiefs,nfl-lac-kc-2025-12-14,True,0.0,1.0,0.49,0.51,2204526.402614,1802229.184839,281107.1733409999,115077.479135
15,2025-12-14,Washington Commanders,New York Giants,nfl-was-nyg-2025-12-14,True,1.0,0.0,0.505,0.495,2099831.666853,1781361.919167,203364.027633,109107.42749799998
15,2025-12-14,Carolina Panthers,New Orleans Saints,nfl-car-no-2025-12-14,True,1.0,0.0,0.49,0.51,1868773.543365,1184207.899817,559685.162555,117205.713601
15,2025-12-14,Indianapolis Colts,Seattle Seahawks,nfl-ind-sea-2025-12-14,True,1.0,0.0,0.52,0.48,3823665.259001,2849566.905956,901409.705834,67736.324972
15,2025-12-14,Detroit Lions,Los Angeles Rams,nfl-det-la-2025-12-14,True,1.0,0.0,0.52,0.48,2274488.857671,1185525.55508,809158.761435,271257.788528
15,2025-12-14,Green Bay Packers,Denver Broncos,nfl-gb-den-2025-12-14,True,1.0,0.0,0.49,0.51,5117666.734516,4874755.723928,216614.440642,18152.312315000003
15,2025-12-14,Tennessee Titans,San Francisco 49ers,nfl-ten-sf-2025-12-14,True,0.0,1.0,0.475,0.525,1152745.678323,840555.284157,274238.81703000003,29165.753742
15,2025-12-14,Minnesota Vikings,Dallas Cowboys,nfl-min-dal-2025-12-14,True,0.5,0.5,0.485,0.515,4546198.242041,2761023.77964,1403169.76758,371144.869694
15,2025-12-15,Miami Dolphins,Pittsburgh Steelers,nfl-mia-pit-2025-12-15,True,0.0,1.0,0.52,0.48,7617603.407805,4125981.764169,3208609.8651480004,276984.09970400005
16,2025-12-18,Los Angeles Rams,Seattle Seahawks,nfl-la-sea-2025-12-18,True,0.0,1.0,0.595,0.405,9662211.06018,6777662.292579999,1108752.881158,1766571.909791
16,2025-12-20,Green Bay Packers,Chicago Bears,nfl-gb-chi-2025-12-20,True,1.0,0.0,0.505,0.495,6654729.314629,6331981.721004,147171.238076,163022.319811
16,2025-12-20,Philadelphia Eagles,Washington Commanders,nfl-phi-was-2025-12-20,True,0.0,1.0,0.51,0.49,7054049.225072,5401309.755063,1394147.148377,243459.605875
16,2025-12-21,Buffalo Bills,Cleveland Browns,nfl-buf-cle-2025-12-21,True,1.0,0.0,0.5,0.5,3011510.178522,2691796.021037,234176.716642,65807.498995
16,2025-12-21,Kansas City Chiefs,Tennessee Titans,nfl-kc-ten-2025-12-21,True,0.0,1.0,0.51,0.49,1604092.14418,1293008.193526,137733.14353,165694.527124
16,2025-12-21,Minnesota Vikings,New York Giants,nfl-min-nyg-2025-12-21,True,1.0,0.0,0.495,0.505,1918037.529067,1438468.4046049998,163628.147748,311348.48671400006
16,2025-12-21,New England Patriots,Baltimore Ravens,nfl-ne-bal-2025-12-21,True,1.0,0.0,0.5,0.5,11267070.181172,8713035.694883998,1923435.32874,623048.336056
16,2025-12-21,New York Jets,New Orleans Saints,nfl-nyj-no-2025-12-21,True,0.0,1.0,0.5,0.5,1430533.523578,1048376.990463,236510.524442,140295.349389
16,2025-12-21,Los Angeles Chargers,Dallas Cowboys,nfl-lac-dal-2025-12-21,True,1.0,0.0,0.495,0.505,6664739.465605,5545807.861999,647031.1962420001,463736.353864
16,2025-12-21,Tampa Bay Buccaneers,Carolina Panthers,nfl-tb-car-2025-12-21,True,0.0,1.0,0.43,0.57,985770.446077,602920.967302,298195.13958699995,78797.971598
16,2025-12-21,Atlanta Falcons,Arizona Cardinals,nfl-atl-ari-2025-12-21,True,1.0,0.0,0.58,0.42,3992903.443201,3062288.111579,691871.0144659999,232328.466373
16,2025-12-21,Jacksonville Jaguars,Denver Broncos,nfl-jax-den-2025-12-21,True,1.0,0.0,0.5,0.5,2438982.729799,1801086.977151,447914.752996,182465.774023
16,2025-12-21,Pittsburgh Steelers,Detroit Lions,nfl-pit-det-2025-12-21,True,1.0,0.0,0.5,0.5,4170715.076275,3668972.399215,348542.26237,148237.76416700002
16,2025-12-21,Las Vegas Raiders,Houston Texans,nfl-lv-hou-2025-12-21,True,0.0,1.0,0.4,0.6,3000061.568825,2608024.884063,143754.123224,240637.209554
16,2025-12-21,Cincinnati Bengals,Miami Dolphins,nfl-cin-mia-2025-12-21,True,1.0,0.0,0.5,0.5,2344308.034154,1926528.520027,232486.197703,175000.260564
16,2025-12-22,San Francisco 49ers,Indianapolis Colts,nfl-sf-ind-2025-12-22,True,1.0,0.0,0.5,0.5,8282960.408881,3801643.899601,4014540.490002999,435531.419243
17,2025-12-25,Dallas Cowboys,Washington Commanders,nfl-dal-was-2025-12-25,True,1.0,0.0,0.58,0.42,5598357.653503,4348805.495537,1034568.690562,187876.686941
17,2025-12-25,Detroit Lions,Minnesota Vikings,nfl-det-min-2025-12-25,True,0.0,1.0,0.595,0.405,6981723.528961,4209383.756167,1999996.1133149995,745031.425978
17,2025-12-25,Denver Broncos,Kansas City Chiefs,nfl-den-kc-2025-12-25,True,1.0,0.0,0.475,0.525,7713624.077108,5436328.804284,1700111.746324,560794.810401
17,2025-12-28,Arizona Cardinals,Cincinnati Bengals,nfl-ari-cin-2025-12-28,True,0.0,1.0,0.395,0.605,1236103.719129,790651.2225329999,309317.16194,80347.413738
17,2025-12-27,Houston Texans,Los Angeles Chargers,nfl-hou-lac-2025-12-27,True,1.0,0.0,0.5,0.5,5133216.042162,4642009.441614999,294124.683214,181118.32655799997
17,2025-12-28,Jacksonville Jaguars,Indianapolis Colts,nfl-jax-ind-2025-12-28,True,1.0,0.0,0.52,0.48,2901991.507687,2163122.172885,312418.62496700004,402523.63604
17,2025-12-28,New Orleans Saints,Tennessee Titans,nfl-no-ten-2025-12-28,True,1.0,0.0,0.525,0.475,1309500.549662,1098677.370908,127896.18997700005,69766.479821
17,2025-12-28,New England Patriots,New York Jets,nfl-ne-nyj-2025-12-28,True,1.0,0.0,0.715,0.285,2091475.049551,1225937.75077,616588.4451759999,238106.84124599997
17,2025-12-28,New York Giants,Las Vegas Raiders,nfl-nyg-lv-2025-12-28,True,1.0,0.0,0.5,0.5,2179843.94635,1814129.962622,225327.21504,128758.423084
17,2025-12-28,Pittsburgh Steelers,Cleveland Browns,nfl-pit-cle-2025-12-28,True,0.0,1.0,0.55,0.45,2784879.988212,2104345.3050349997,478729.161258,185804.50984699992
17,2025-12-27,Baltimore Ravens,Green Bay Packers,nfl-bal-gb-2025-12-27,True,1.0,0.0,0.25,0.75,3981426.861707,3069755.819191,604212.4388049999,278959.812081
17,2025-12-28,Seattle Seahawks,Carolina Panthers,nfl-sea-car-2025-12-28,True,1.0,0.0,0.62,0.38,4043447.270369,2039280.219631,1920404.1719,66328.005348
17,2025-12-28,Tampa Bay Buccaneers,Miami Dolphins,nfl-tb-mia-2025-12-28,True,0.0,1.0,0.51,0.49,1431875.566092,628894.014379,609211.491638,180584.2264899999
17,2025-12-28,Philadelphia Eagles,Buffalo Bills,nfl-phi-buf-2025-12-28,True,1.0,0.0,0.43,0.57,5141070.208404,4657902.641179,311716.4729349999,143017.908958
17,2025-12-28,Chicago Bears,San Francisco 49ers,nfl-chi-sf-2025-12-28,True,0.0,1.0,0.445,0.555,8538448.34302,5390612.74599,2331326.0479470007,731573.0459660002
17,2025-12-29,Los Angeles Rams,Atlanta Falcons,nfl-la-atl-2025-12-29,True,0.0,1.0,0.63,0.37,8761780.610849,4894067.318178,3326499.038878,524467.5114180001
18,2026-01-03,Carolina Panthers,Tampa Bay Buccaneers,nfl-car-tb-2026-01-04,True,0.0,1.0,,,6154047.980285,,,
18,2026-01-04,Cleveland Browns,Cincinnati Bengals,nfl-cle-cin-2026-01-04,True,1.0,0.0,0.445,0.555,1610014.930639,961726.925859,525825.1478919999,98828.52254900002
18,2026-01-04,Indianapolis Colts,Houston Texans,nfl-ind-hou-2026-01-04,True,0.0,1.0,0.375,0.625,1896281.390277,1603532.821409,142433.341758,80688.696479
18,2026-01-04,Arizona Cardinals,Los Angeles Rams,nfl-ari-la-2026-01-04,True,0.0,1.0,0.31,0.69,1039861.250854,755189.801964,203311.94033199997,62439.302408
18,2026-01-04,Dallas Cowboys,New York Giants,nfl-dal-nyg-2026-01-04,True,0.0,1.0,0.62,0.38,3000642.756308,2038974.267918,864743.93299,90903.637317
18,2026-01-04,Detroit Lions,Chicago Bears,nfl-det-chi-2026-01-04,True,1.0,0.0,0.42,0.58,2250622.96352,1520985.340394,661643.126021,49520.875497999994
18,2026-01-04,Green Bay Packers,Minnesota Vikings,nfl-gb-min-2026-01-04,True,0.0,1.0,0.6,0.4,2454844.789696,2184796.983509,192098.239294,71001.05597100001
18,2026-01-04,Kansas City Chiefs,Las Vegas Raiders,nfl-kc-lv-2026-01-04,True,0.0,1.0,0.545,0.455,1503449.084665,1325948.5702270002,148967.25970499995,21705.257957
18,2026-01-04,Miami Dolphins,New England Patriots,nfl-mia-ne-2026-01-04,True,0.0,1.0,0.285,0.715,1794198.482891,897542.9706740001,790532.689924,77934.66018300001
18,2026-01-04,New Orleans Saints,Atlanta Falcons,nfl-no-atl-2026-01-04,True,0.0,1.0,0.455,0.545,1895389.096523,1043667.515354,736212.609837,111468.274664
18,2026-01-04,New York Jets,Buffalo Bills,nfl-nyj-buf-2026-01-04,True,0.0,1.0,0.285,0.715,1477096.978235,824318.843824,551254.064507,89096.32948400002
18,2026-01-04,Tennessee Titans,Jacksonville Jaguars,nfl-ten-jax-2026-01-04,True,0.0,1.0,0.255,0.745,2765560.439667,1199009.743766,1402647.358818,136524.565546
18,2026-01-04,Baltimore Ravens,Pittsburgh Steelers,nfl-bal-pit-2026-01-04,True,0.0,1.0,0.49,0.51,10894356.958863,6104481.344032,3531161.598542,1219132.664217
18,2026-01-04,Los Angeles Chargers,Denver Broncos,nfl-lac-den-2026-01-04,True,0.0,1.0,0.405,0.595,3440802.903793,2729569.9804029996,614471.6966550001,86678.654029
18,2026-01-03,Seattle Seahawks,San Francisco 49ers,nfl-sea-sf-2026-01-04,True,0.0,1.0,,,8953998.98117,,,
18,2026-01-04,Washington Commanders,Philadelphia Eagles,nfl-was-phi-2026-01-04,True,1.0,0.0,0.325,0.675,2459718.145165,2026750.84247,338889.322281,77066.037947
WC,2026-01-10,Los Angeles Rams,Carolina Panthers,nfl-la-car-2026-01-10,True,1.0,0.0,0.825,0.175,11261862.505516,6229697.811849,4439201.323613999,582656.670848
WC,2026-01-10,Green Bay Packers,Chicago Bears,nfl-gb-chi-2026-01-10,True,0.0,1.0,0.495,0.505,11645863.869086,9229291.826291,1689358.382843,717402.409328
WC,2026-01-11,Buffalo Bills,Jacksonville Jaguars,nfl-buf-jax-2026-01-11,True,1.0,0.0,0.525,0.475,14075156.79978,10813312.1729,2203774.239941,1012570.315191
WC,2026-01-11,San Francisco 49ers,Philadelphia Eagles,nfl-sf-phi-2026-01-11,True,1.0,0.0,0.325,0.675,12483414.113858,6582122.359543,4739830.179199,1151442.5675830003
WC,2026-01-11,Los Angeles Chargers,New England Patriots,nfl-lac-ne-2026-01-11,True,0.0,1.0,0.35,0.65,6519476.595692,4178987.566262,1878951.426835,380924.234162
WC,2026-01-12,Houston Texans,Pittsburgh Steelers,nfl-hou-pit-2026-01-12,True,1.0,0.0,0.625,0.375,8631928.509134,6180394.584269,1160034.091645,1238837.058345
DIV,2026-01-17,Buffalo Bills,Denver Broncos,nfl-buf-den-2026-01-17,True,0.0,1.0,0.495,0.505,13866741.790343,12395471.8483,582909.338703,773478.580479
DIV,2026-01-17,San Francisco 49ers,Seattle Seahawks,nfl-sf-sea-2026-01-17,True,0.0,1.0,0.245,0.755,13082196.071891,9513695.450922,3154729.951188,363965.823702
DIV,2026-01-18,Houston Texans,New England Patriots,nfl-hou-ne-2026-01-18,True,0.0,1.0,0.385,0.615,17214222.300752,10277901.128029,5487651.662811,1368457.470595
DIV,2026-01-18,Los Angeles Rams,Chicago Bears,nfl-la-chi-2026-01-18,True,1.0,0.0,0.645,0.355,16364538.381865,12552686.451429,2691717.31831,984148.668722
CC,2026-01-25,New England Patriots,Denver Broncos,nfl-ne-den-2026-01-25,True,1.0,0.0,0.685,0.315,18709801.967933,12265557.498004,5385881.190793,986226.272075
CC,2026-01-25,Los Angeles Rams,Seattle Seahawks,nfl-la-sea-2026-01-25,True,0.0,1.0,0.425,0.575,18294805.693079,13621631.544433,3244010.7259110007,1280135.629086
SB,2026-02-08,Seattle Seahawks,New England Patriots,nfl-sea-ne-2026-02-08,True,1.0,0.0,0.675,0.325,55291755.018079,36421605.390045,12822003.246815998,4369533.359301001
